Titulo,Link,Precio,Estado,Ubicación,Comentarios
"Alienware M17 Gaming Laptop, 17.3 , Fhd, Intel Core I7-8750h,https://articulo.mercadolibre.com.pe/MPE-441655768-alienware-m17-gaming-laptop-173-fhd-intel-core-i7-8750h-_JM,3226.0,Nuevo,""Trujillo, La Libertad"",""{'0': 'Ya no compro en mercado libre por estos avisos engañosos', '1': 'recontra estafa', '2': 'Asuu son legales !!', '3': 'Podría mandarme algún número de teléfono para contactarlo?', '4': 'Buenas quisiera información', '5': 'Hola, que tal es nueva la máquina?'}"""
"Alienware M17 R2 Gaming Laptop 17  Fhd Intel Core I7 16gb ,https://articulo.mercadolibre.com.pe/MPE-443154181-alienware-m17-r2-gaming-laptop-17-fhd-intel-core-i7-16gb-_JM,5000.0,Nuevo,""Lima, Lima Metropolitana"",""{'0': 'Tiene tienda física?', '1': 'La sigue teniendo?', '2': 'Estimado tienes stock?, indicar si el teclado es en español o inglés', '3': 'Buenas tiene aun en venta no lo puedo contactar me interesa comprar.'}"""
"Alienware X17 R1 Nvidia Geforce Rtx 3070 Gaming Laptop,https://articulo.mercadolibre.com.pe/MPE-610099565-alienware-x17-r1-nvidia-geforce-rtx-3070-gaming-laptop-_JM,3500.0,Nuevo,""San Martín, San Martin"",""{'0': 'Las características de la laptop y su n°, estoy interesado', '1': 'Buenos días, necesito información?', '2': 'es de 3500 soles?'}"""
"Alienware M15 R4 15.6  300hz Gaming Laptop,https://articulo.mercadolibre.com.pe/MPE-608035092-alienware-m15-r4-156-300hz-gaming-laptop-_JM,6300.0,Nuevo,""Cusco, Cusco"",{'0': 'puedo pagar en cuotas?'}"
"Alienware M15 R3 Core I7-10750h 32gb Ram 1tb Laptop,https://articulo.mercadolibre.com.pe/MPE-443346137-alienware-m15-r3-core-i7-10750h-32gb-ram-1tb-laptop-_JM,4000.0,Nuevo,""Arequipa, Arequipa"",""{'0': 'Está disponible, ? Tiene teclado numérico incorporado la pueden enviar a Ilo, Dpto de Moquegua? Pagare con tarjeta Visa.', '1': 'da risa la gente que cree que va a conseguir a este precio.', '2': 'Quisiera saber más sobre.el.producto', '3': 'Tienes stock en Perú???', '4': 'Tienes disponible y el costo de envía a lima Gracias de antemano', '5': 'Dirección en Arequipa', '6': 'hola, más información por favor', '7': 'contacto en Arequipa?', '8': 'Dirección en Arequipa', '9': 'Hola. Esta disponible? estoy en Lima'}"""
"Alienware M17 R3 Laptop I7 10750h 1tb Ssd 16gb Fhd Win 10,https://articulo.mercadolibre.com.pe/MPE-446059300-alienware-m17-r3-laptop-i7-10750h-1tb-ssd-16gb-fhd-win-10-_JM,5000.0,Nuevo,""Puno, Puno"",""{'0': 'buenas, aun disponible? cuanto de memoria gráfica para juegos tiene?', '1': 'Cuenta con stock también aseptan mercado pago'}"""
"Laptop Alienware X17 R1 I9 1tb 32gb Rtx 3080 Nuevo,https://articulo.mercadolibre.com.pe/MPE-611349380-laptop-alienware-x17-r1-i9-1tb-32gb-rtx-3080-nuevo-_JM,8299.0,Nuevo,""Cajatambo, Lima Provincias"",""{'0': 'Hola, podría darme más especificaciones técnicas por favor, tamaño de pantalla, tiene disco ssd? Y hace envíos a provincia? Ya que en la opción sale que no está disponible para mí ciudad, gracias', '1': 'Que generación de procesador trae?', '2': 'No puedo comprar. Dice que el Delivery no llega por mi zona', '3': 'Tiene algún número de teléfono, correo, etc para coordinar la compra? Quisiera yo mismo ir a recoger el producto.', '4': 'Puedes pasarme la dirección de la tienda para acercarme a ver el producto, antes de comprarlo ?? Por favor', '5': 'Hola, aún tienen stock? El producto viene sellado y nuevo ?', '6': 'Aun tienen stock?, estoy intentando comprar pero me dice q el delivery no llega', '7': 'Me podra pasar el modelo exacto? X17 R2?R3?', '8': 'Hola tiene el stock? Para entrega hoy mismo en Miraflores?', '9': 'Cuentan con tienda fisica?'}"""
"Alienware M15 Gaming Laptop: Core I7-8750h, Nvidia Gtx 1060,,https://articulo.mercadolibre.com.pe/MPE-442806104-alienware-m15-gaming-laptop-core-i7-8750h-nvidia-gtx-1060-_JM,3099.0,Nuevo,""Lima, Lima Metropolitana"",""{'0': 'Hola, sige disponible?', '1': 'Buenas noches, tiene este producto en color blanco, gracias', '2': 'sigue disponible para la compra', '3': 'SIGUES DISPONIBLE PARA LA COMPRA INMEDIATA CUSCO', '4': 'Es muy barato para ser real x.x', '5': 'envio a arequipa', '6': 'Envio a la ciudad de ICA por favor , se realiza ?', '7': 'Se puede hacer el pago con, una tarjeta ripley o saga en visa', '8': 'Precio', '9': 'Aún en venta'}"""
"Dell Alienware M17 R2 Laptop, 17.3  Fhd (1920 Intel Core,https://articulo.mercadolibre.com.pe/MPE-446852863-dell-alienware-m17-r2-laptop-173-fhd-1920-intel-core-_JM,6100.0,Nuevo,""Lima, Lima Metropolitana"",""{'0': 'Dónde queda tu tienda', '1': 'Toda tu descripción está en español y quieres responder las preguntas en inglés, tiene tienda física o no ???', '2': 'Tienes el equipo', '3': 'Tienen el producto', '4': '??', '5': 'Precio en soles?'}"""
"Alienware 17 R4 17.3  Full Hd Gaming Laptop 256gb Ssd 16gb,https://articulo.mercadolibre.com.pe/MPE-442799634-alienware-17-r4-173-full-hd-gaming-laptop-256gb-ssd-16gb-_JM,4000.0,Nuevo,""Arequipa, Arequipa"",""{'0': 'Estás en Arequipa??', '1': 'Dónde puedo ver el equipo??', '2': 'Dónde puedo ver el equipo??', '3': 'Cuando mires la descripción del producto en el anuncio, verás celular para comunicarse con nosotros fecha: 13/10/2021 si responde lo mismo son estafadores.', '4': 'Cuál es el precio de la laptop?', '5': 'Hola, he tratado de comunicarme, pero no están disponibles los números que coloca.', '6': 'tienen local???', '7': 'buenas aun se encuentra disponible?', '8': 'Lugar de venta'}"""
"Laptop Alienware Area 51m 17.3  I9-9900k 32gb Ddr4 1tb Ssd,https://articulo.mercadolibre.com.pe/MPE-441713656-laptop-alienware-area-51m-173-i9-9900k-32gb-ddr4-1tb-ssd-_JM,5600.0,Nuevo,""Abancay, Apurimac"",""{'0': 'ubicación de la tienda', '1': '5600 que?.....', '2': 'estoy interesado. es nueva', '3': 'Buenas tardes tiene en stock y se tiene que adicionar algún pago extra hecho la compra', '4': 'Hola en qué parte te ubicas para la compra', '5': 'Es nueva? Porque el precio tan bajo?', '6': 'Hola, hay stock? tienda física? El pago puede ser a contra entrega con delivery a Miraflores?'}"""
"Alienware M15 R6 I7 11800h 16gb Rtx 3080 1tb,https://articulo.mercadolibre.com.pe/MPE-608390259-alienware-m15-r6-i7-11800h-16gb-rtx-3080-1tb-_JM,4800.0,Nuevo,""Grau, Apurimac"",{}"
"Computadora Portátil Clásica15 R3 De Alienware, Aw15r3-5246s,https://articulo.mercadolibre.com.pe/MPE-440322717-computadora-portatil-clasica15-r3-de-alienware-aw15r3-5246s-_JM,10793.16,Nuevo,""San Borja, Lima Metropolitana"",{'0': 'Cuánto es el costo del envío'}"
"Casematix Funda De Impermeable Para Portátiles Alienware Por,https://articulo.mercadolibre.com.pe/MPE-440325144-casematix-funda-de-impermeable-para-portatiles-alienware-por-_JM,846.75,Nuevo,""San Borja, Lima Metropolitana"",{'0': 'Tienes maletin para una laptop alienware area m51 r2?'}"
"Alienware M17 R3 17.3 I7 10750h 16gb Ddr4 256gb Ssd Rtx 2060,https://articulo.mercadolibre.com.pe/MPE-445699036-alienware-m17-r3-173-i7-10750h-16gb-ddr4-256gb-ssd-rtx-2060-_JM,5000.0,Nuevo,""Lampa, Puno"",{'0': 'sigue disponible? como lo contactaría'}"
" Alienware Area-51m R2 With Rtx 2070,https://articulo.mercadolibre.com.pe/MPE-601051493-alienware-area-51m-r2-with-rtx-2070-_JM,5400.0,Nuevo,""Bongará, Amazonas"",{}"
"Dell Alienware X15 15.6 Ci9-11900h Rtx3070/8gb 32gb Nvme-2tb,https://articulo.mercadolibre.com.pe/MPE-606460729-dell-alienware-x15-156-ci9-11900h-rtx30708gb-32gb-nvme-2tb-_JM,17225.0,Nuevo,""Lima, Lima Metropolitana"",""{'0': 'El tiempo de entrega ? Emites factura ?', '1': 'Hola, tarjeta de video de cuánto ?'}"""
"Alienware 17 R5 Fhd I7 8750h 16gb 1tb Gtx 1070 8gb Ddr5,https://articulo.mercadolibre.com.pe/MPE-444992407-alienware-17-r5-fhd-i7-8750h-16gb-1tb-gtx-1070-8gb-ddr5-_JM,6499.0,Nuevo,""Lima, Lima Metropolitana"",""{'0': 'Precio final', '1': 'Como me contactó con usted?', '2': 'El producto todavía se encuentra disponible?', '3': 'Hola. Se encuentra en disponible? estoy en Lima'}"""
"Dell Alienware M15 Ci7-11a 15.6 3050ti/4gb Nvme256 8gb 165hz,https://articulo.mercadolibre.com.pe/MPE-436827708-dell-alienware-m15-ci7-11a-156-3050ti4gb-nvme256-8gb-165hz-_JM,7225.0,Nuevo,""Lima, Lima Metropolitana"",""{'0': 'Hola, quisiera saber si el modelo es el de la primera imagen o la segunda?', '1': 'que generación es de I7?', '2': 'Hola , me interesa la publicacion, sí se hace por mercado de pago no habría problema si la pongo en cuotas? la ssd en m.2?, tienen tienda fisica para la entrega y test?', '3': 'Tiene disponibilidad de atención, estoy interesado pero quiero saber si me puede recibirme entre las 12y4pm.', '4': 'Buenas noches ¿Cuenta con tienda física? ¿Producto sellado de fábrica?', '5': 'Esto aplica al distrito de Surco? Y en caso así sea uno puede hacer el pago con TC y cuanto tiempo pasa para que se haga la entrega del producto.', '6': 'Lo tiene para entrega inmediata?', '7': 'Buenas tardes, estoy interesado en adquirir esta laptop, pero antes quisiera saber porque hay tanta diferencia de precio (ustedes lo venden mas barato) a diferencia de su competencia que vende el mismo producto genera cierta duda, y 2do si les queda stock del producto.', '8': 'Puedo incrementar el ram a 32gb repotenciandola ?', '9': 'cuanto seria el pago inicial y en cuantas cuotas y de cuanto se puede dar'}"""
"Alienware - Area-51m 17.3  1 Tb Hdd- Intel Core I7 - 16gb Rt,https://articulo.mercadolibre.com.pe/MPE-440666283-alienware-area-51m-173-1-tb-hdd-intel-core-i7-16gb-rt-_JM,2300.0,Nuevo,""Churcampa, Huancavelica"",""{'0': 'Hola', '1': 'Hola Amigo, aun la tienes en venta?', '2': 'Aún lo tienes a la venta?', '3': 'Que generacion', '4': 'precio por favor', '5': 'precio real¡?', '6': 'Quiero. Comprar'}"""
"Alienware Area 51m Gaming Laptop,https://articulo.mercadolibre.com.pe/MPE-440729158-alienware-area-51m-gaming-laptop-_JM,2828.0,Nuevo,""Rioja, San Martin"",""{'0': 'Buenos días, necesito información, sigue disponible?', '1': 'Podría mandarme algún número de teléfono para contactarlo?', '2': 'disponible ? puedo hacer la compra por mercado pago ?', '3': 'en donde lo recojo'}"""
"Alienware 17 R4 Aw17r4 17.3 Fhd Intel Core I7-7820hk 8gb ,https://articulo.mercadolibre.com.pe/MPE-442134140-alienware-17-r4-aw17r4-173-fhd-intel-core-i7-7820hk-8gb-_JM,4000.0,Nuevo,""Lima, Lima Metropolitana"",""{'0': 'Aún lo vendes', '1': 'quiero comprar acepta pago contra entrega en lima', '2': 'Si. La tienes?', '3': 'Lo tienes todavía? Del 1 al 10 Condición?'}"""
"Dell Alienware,https://articulo.mercadolibre.com.pe/MPE-606992657-dell-alienware-_JM,nan,Nuevo,""Miraflores, Lima Metropolitana"",{}"
"Alienware M15 R3 Laptop  I7 10750h 32gb Ram 1tb Ssd Rtx 2080,https://articulo.mercadolibre.com.pe/MPE-447809669-alienware-m15-r3-laptop-i7-10750h-32gb-ram-1tb-ssd-rtx-2080-_JM,3500.0,Nuevo,""Lima, Lima Metropolitana"",""{'0': 'Buenos días, necesito información, sigue disponible?', '1': 'esta disponible el equipo ?¿ y donde lo puedo ver.'}"""
"Dell Alienware X17 R1 17.3  I9-11980hk 32gb 1tb Ssd Rtx 3080,https://articulo.mercadolibre.com.pe/MPE-439685201-dell-alienware-x17-r1-173-i9-11980hk-32gb-1tb-ssd-rtx-3080-_JM,19899.0,Nuevo,""Los Olivos, Lima Metropolitana"",""{'0': 'Aceptaría trueque con servicios ? Hacemos tiendas virtuales, plataformas marketplaces o plataformas e-learning para que des cursos por internet, etc. podemos negociar.'}"""
"Dell Alienware Area M51 15.6 1920 X 1080 Core I7 I7-8750h 1,https://articulo.mercadolibre.com.pe/MPE-439685295-dell-alienware-area-m51-156-1920-x-1080-core-i7-i7-8750h-1-_JM,12449.0,Nuevo,""Los Olivos, Lima Metropolitana"",""{'0': 'Buen día, tendrá con pantalla de 17""""???', '1': 'Cuánto es su resolución ?', '2': 'buenas tardes tiene con I7 decima generacion de 1 terabyte?', '3': 'En todo caso puedo ir a hacer el pago a la tienda?', '4': 'Pago rechazado Por seguridad, rechazamos tu pago. Puedes retomar el pago con otro medio', '5': 'Estoy intentando realizar el pago y no puedo', '6': 'Buenas noches ¿Tienen en stock?', '7': 'Hola tienes en stock el equipo', '8': 'No la tienes publicada ?', '9': 'No la tienes publicada ?'}"""
"Computadora Portátil Clásica15 R3 De Alienware, Aw15r3-5246s,https://articulo.mercadolibre.com.pe/MPE-440333546-computadora-portatil-clasica15-r3-de-alienware-aw15r3-5246s-_JM,11033.09,Nuevo,""San Borja, Lima Metropolitana"",{}"
"Computadora Portátil Clásica15 R3 De Alienware, Aw15r3-5246s,https://articulo.mercadolibre.com.pe/MPE-440322718-computadora-portatil-clasica15-r3-de-alienware-aw15r3-5246s-_JM,11422.47,Nuevo,""San Borja, Lima Metropolitana"",{}"
"Notebook Gaming Alienware X17 R1/i9/1tb/32gb/rtx3080 8gb,https://articulo.mercadolibre.com.pe/MPE-605550255-notebook-gaming-alienware-x17-r1i91tb32gbrtx3080-8gb-_JM,18765.0,Nuevo,""Arequipa, Arequipa"",{'0': 'Hola la tienes para entrega hoy ?'}"
"Notebook Gaming Alienware X17/i9/4tbssd/64gb/rtx3080 16gb,https://articulo.mercadolibre.com.pe/MPE-605442620-notebook-gaming-alienware-x17i94tbssd64gbrtx3080-16gb-_JM,30637.0,Nuevo,""Arequipa, Arequipa"",""{'0': 'Hola, Buenas la laptop es en color negro todo completo incluido lo de afuera o solo lo de adentro donde están las teclas?'}"""
"Laptop Asus Alienware,https://articulo.mercadolibre.com.pe/MPE-609631585-laptop-asus-alienware-_JM,20000.0,Nuevo,""Lima, Lima Metropolitana"",{}"
"Notebook Gaming Alienware X17/i7/256ssd/16gb/rtx3060 6gb,https://articulo.mercadolibre.com.pe/MPE-605576024-notebook-gaming-alienware-x17i7256ssd16gbrtx3060-6gb-_JM,13850.0,Nuevo,""Arequipa, Arequipa"",{}"
"Notebook Alienware M15/15.6/i7 10ma/512ssd/16gb/rtx3060 6gb,https://articulo.mercadolibre.com.pe/MPE-608195278-notebook-alienware-m15156i7-10ma512ssd16gbrtx3060-6gb-_JM,10470.0,Nuevo,""Arequipa, Arequipa"",{'0': 'Disponible? Hace envios a Piura?'}"
"Notebook Dell Alienware X17 R1 17.3  Fhd Wva Core I9-11980hk,https://articulo.mercadolibre.com.pe/MPE-609594532-notebook-dell-alienware-x17-r1-173-fhd-wva-core-i9-11980hk-_JM,17500.0,Nuevo,""Ate, Lima Metropolitana"",{}"
"Notebook Gaming Alienware X17/i7/512ssd/16gb/rtx3070 8gb,https://articulo.mercadolibre.com.pe/MPE-605442625-notebook-gaming-alienware-x17i7512ssd16gbrtx3070-8gb-_JM,14050.0,Nuevo,""Arequipa, Arequipa"",""{'0': 'Hola buenas noches, tienen algún modelo de la M15 y como se encuentran en sus redes?'}"""
"Notebook Alienware M15 R3/i7/512ssd/32gb/rtx2080 8gb,https://articulo.mercadolibre.com.pe/MPE-443638956-notebook-alienware-m15-r3i7512ssd32gbrtx2080-8gb-_JM,14867.0,Nuevo,""Arequipa, Arequipa"",{}"
"Alienware Area 51m R2 I9-10900k 4k,https://articulo.mercadolibre.com.pe/MPE-606038706-alienware-area-51m-r2-i9-10900k-4k-_JM,nan,Nuevo,""Calca, Cusco"",""{'0': 'una consulta hace envios a Pichari, La Convención Cusco?'}"""
"Alienware Area-51m R2 Gaming Laptop,https://articulo.mercadolibre.com.pe/MPE-442786892-alienware-area-51m-r2-gaming-laptop-_JM,4899.0,Nuevo,""Aymaraes, Apurimac"",{}"
"Notebook Dell 17 Alienware X11 R1/i7/1tbssd/32gb/rtx3080 8gb,https://articulo.mercadolibre.com.pe/MPE-448079603-notebook-dell-17-alienware-x11-r1i71tbssd32gbrtx3080-8gb-_JM,21100.0,Nuevo,""Arequipa, Arequipa"",""{'0': 'Buen día estimado, consulta. ¿aceptaría trueque con servicios ? Hacemos tiendas virtuales, plataformas marketplaces o plataformas e-learning para que des cursos por internet, etc. podemos negociar con nuestros servicios.'}"""
"Laptop Gaming Alienware X17 R1/17.3/i9 11va/1tb/32gb/rtx3080,https://articulo.mercadolibre.com.pe/MPE-609807532-laptop-gaming-alienware-x17-r1173i9-11va1tb32gbrtx3080-_JM,19200.0,Nuevo,""Arequipa, Arequipa"",{}"
"Notebook Dell Alienware Area 51m ,https://articulo.mercadolibre.com.pe/MPE-440093386-notebook-dell-alienware-area-51m-_JM,14999.0,Nuevo,""Los Olivos, Lima Metropolitana"",""{'0': 'hay garantía del fabricante?', '1': 'Hola disponible?'}"""
"Alienware M17r4 17.3fhd I7 10th Rtx3070 1tb+mouse+audífono,https://articulo.mercadolibre.com.pe/MPE-445733428-alienware-m17r4-173fhd-i7-10th-rtx3070-1tbmouseaudifono-_JM,15900.0,Nuevo,""Santiago De Surco, Lima Metropolitana"",""{'0': 'Pyedo darte 12500 es lo que pude conseguir', '1': 'Puede ser 12000 soles?'}"""
"Laptop Dell Alienware 15r4 - 256gb,https://articulo.mercadolibre.com.pe/MPE-438551156-laptop-dell-alienware-15r4-256gb-_JM,5120.0,Nuevo,""Lima, Lima Metropolitana"",""{'0': 'Aun tienes el producto?', '1': 'Contacto?', '2': 'Aun lo tienes? Es nuevo?', '3': 'Disculpe , vende solo el cargador ?', '4': 'Cuota inicial', '5': 'Aún está disponible?', '6': 'Buenas tardes tienes el equipo aun en venta?', '7': 'Buenas noches, aun tienes el equipo. Que tiempo de uso tiene?', '8': 'disponible ?', '9': 'Aun la tiene en venta ??'}"""
"Alienware Area 51 M R2 Core I9 64gb Ram Ddr4 2tb Rtx  2080 ,https://articulo.mercadolibre.com.pe/MPE-443348841-alienware-area-51-m-r2-core-i9-64gb-ram-ddr4-2tb-rtx-2080-_JM,4000.0,Nuevo,""San Luis, Lima Metropolitana"",""{'0': '¿Es nueva la laptop?', '1': 'Buenos días, necesito información, sigue disponible?', '2': 'Buenas noches, tiene este producto en color blanco, gracias.', '3': 'Precio en soles?', '4': 'Es nueva o de uso', '5': 'precio en soles o dolares??', '6': 'Se encuentra disponible?', '7': 'Buenos días, tiene en estock para proceder a comprar?', '8': 'Aun tiene en stock?', '9': 'Información por favor'}"""
"Alienware Area-51m R2 Super 8gb 17.3  64gb Ram, 2tb Rtx2080,https://articulo.mercadolibre.com.pe/MPE-443355533-alienware-area-51m-r2-super-8gb-173-64gb-ram-2tb-rtx2080-_JM,3300.0,Nuevo,""Trujillo, La Libertad"",""{'0': 'Buenos días, necesito información, sigue disponible?', '1': 'ando intereasdo por al lapto ? donde lo puedo ver , pago', '2': '3300 sales ?', '3': 'estoy interesado en la laptop, aún tiene en estop?'}"""
"Alienware Area51m R2 Portátil 8gb 17.3  64gb Ram 2tb Rtx2080,https://articulo.mercadolibre.com.pe/MPE-444169566-alienware-area51m-r2-portatil-8gb-173-64gb-ram-2tb-rtx2080-_JM,3800.0,Nuevo,""Lima, Lima Metropolitana"",""{'0': '¿La computadora es nueva?', '1': 'Buenos días, necesito información, sigue disponible?', '2': 'El precio en soles', '3': 'Ese es el precio??', '4': 'precio en soles o dolares??', '5': 'aceptas mercado pago?', '6': 'Información por favor', '7': 'Información', '8': 'Hola, aún se encuentra disponible. ?', '9': 'Hola aún disponible cuánto aguanta de ram'}"""
"Portátil Para Juegos Alienware Area M51,https://articulo.mercadolibre.com.pe/MPE-441706487-portatil-para-juegos-alienware-area-m51-_JM,2200.0,Nuevo,""Acomayo, Cusco"",""{'0': 'Tu número', '1': 'Especificaciones?', '2': 'Hola, ¿aún sigue en venta?', '3': 'Podría mandarme algún número de teléfono para contactarlo?'}"""
"Alienware Area 51 M R2 Core I9 64gb Ram Ddr4 2tb Rtx  2080,https://articulo.mercadolibre.com.pe/MPE-443336304-alienware-area-51-m-r2-core-i9-64gb-ram-ddr4-2tb-rtx-2080-_JM,4000.0,Nuevo,""Lima, Lima Metropolitana"",""{'0': 'Buenos días, necesito información, sigue disponible?', '1': 'algun numero para comprar el equipo ando interesado ..', '2': 'El producto es nuevo??', '3': 'Tienes stock en Perú???', '4': 'Hola, ¿tienen tienda física?', '5': 'Hola donde puedo ver el laptop, tienen una tienda para visitar?', '6': 'tendrás 1 disponible para hoy , y se podrá pagar en 6 cuotas ? estoy en Lima y estoy por viajar', '7': 'Hola, aun cuentas con el equipo? Donde lo puedo ver? Teclado en español? Es nueva verdad en caja. Saludos'}"""
"Alienware M15 R3,https://articulo.mercadolibre.com.pe/MPE-443087376-alienware-m15-r3-_JM,2500.0,Nuevo,""Cajatambo, Lima Provincias"",""{'0': 'Tienes más fotos, dónde lo puedo ubicar, su perfil dice cajatambo', '1': 'donde lo puedo ubicar', '2': 'En que lugar del Perú se encuentra?', '3': 'Cómo te ubico', '4': 'Podrías hacer descuento', '5': 'interesado'}"""
"Dell Alienware 15 R4 15'4k I9-8950hk 2.9ghz 64gb Ssd1tb 8gb,https://articulo.mercadolibre.com.pe/MPE-608097716-dell-alienware-15-r4-154k-i9-8950hk-29ghz-64gb-ssd1tb-8gb-_JM,22999.98,Nuevo,""Callao, Lima Metropolitana"",""{'0': 'Hola estoy buscando una laptop con 128GB de ram, 16GB de video, 4TB de disco solido. Tendrá?'}"""
"Dell Alienware M15 R2 15.6' I7-9750h 2.6ghz 16g 1.5t-ssd 8gb,https://articulo.mercadolibre.com.pe/MPE-611250212-dell-alienware-m15-r2-156-i7-9750h-26ghz-16g-15t-ssd-8gb-_JM,16999.99,Nuevo,""Lima, Lima Metropolitana"",{}"
"Dell Alienware M15 R6 15.6' I7-11800h 2.3ghz 16gb Ssd512 6gb,https://articulo.mercadolibre.com.pe/MPE-611185752-dell-alienware-m15-r6-156-i7-11800h-23ghz-16gb-ssd512-6gb-_JM,13999.99,Nuevo,""Lima, Lima Metropolitana"",{}"
"Dell Alienware X15 R1 15.6' I7-11800h 2.3ghz 16gb Ssd512 8gb,https://articulo.mercadolibre.com.pe/MPE-611230768-dell-alienware-x15-r1-156-i7-11800h-23ghz-16gb-ssd512-8gb-_JM,15999.99,Nuevo,""Lima, Lima Metropolitana"",{}"
"Dell Alienware X17 R1 89d7c 17,3  Fhd I7-11800h 32gb/1tb Ssd,https://articulo.mercadolibre.com.pe/MPE-604149050-dell-alienware-x17-r1-89d7c-173-fhd-i7-11800h-32gb1tb-ssd-_JM,6900.0,Nuevo,""Tumbes, Tumbes"",""{'0': 'Donde se ubican? aún está disponible?', '1': 'Hola en qué parte queda su tienda'}"""
"Alienware M15 R3 15.6  (512gb Ssd, Intel Core I7 10th Gen,https://articulo.mercadolibre.com.pe/MPE-443204173-alienware-m15-r3-156-512gb-ssd-intel-core-i7-10th-gen-_JM,5000.0,Nuevo,""San Martín, San Martin"",""{'0': 'Buenas noches, tiene este producto en color blanco, gracias.'}"""
"Dell Alienware M15 R3 15.6' I7-10750h 2.6ghz 16gb Ssd512 8gb,https://articulo.mercadolibre.com.pe/MPE-611198503-dell-alienware-m15-r3-156-i7-10750h-26ghz-16gb-ssd512-8gb-_JM,13999.99,Nuevo,""Lima, Lima Metropolitana"",{}"
"Dell Alienware M15 R3 15.6' 7-10750h 2.6ghz 32gb Ssd512 8gb,https://articulo.mercadolibre.com.pe/MPE-611399696-dell-alienware-m15-r3-156-7-10750h-26ghz-32gb-ssd512-8gb-_JM,17999.99,Nuevo,""Lima, Lima Metropolitana"",{}"
"Alienware M15 R3 15.6  (512gb Ssd, Intel Core I7 10th Gen,https://articulo.mercadolibre.com.pe/MPE-608022000-alienware-m15-r3-156-512gb-ssd-intel-core-i7-10th-gen-_JM,5800.0,Nuevo,""Cusco, Cusco"",{}"
"Alienware M15 R3 Gaming 17.3  Core I9 Win 10 Pro 2tb Ssd 32g,https://articulo.mercadolibre.com.pe/MPE-443345152-alienware-m15-r3-gaming-173-core-i9-win-10-pro-2tb-ssd-32g-_JM,4000.0,Nuevo,""San Martín De Porres, Lima Metropolitana"",""{'0': 'uenas, aun está disponible el equipo?DenunciarSe abrirá en una nueva ventana Aun tienes el producto?DenunciarSe abrirá en una nueva ventana El producto es nuevo? Esta disponible?', '1': 'buenas, aun está disponible el equipo?', '2': 'Aun tienes el producto?', '3': 'El producto es nuevo? Esta disponible?', '4': 'Hola. Esta disponible en Lima', '5': 'Donde lo puedo comprar', '6': 'Disponible? Porque tan barato? Donde la puedo ver?'}"""
"Alienware 17 R5 Tiger2 17.3'' Qhd I7-8750h 32gb 1000gb-ssd ,https://articulo.mercadolibre.com.pe/MPE-609811198-alienware-17-r5-tiger2-173-qhd-i7-8750h-32gb-1000gb-ssd-_JM,5180.0,Nuevo,""Manu, Madre De Dios"",{}"
"Dell Alienware X17 R1 17.3' I7-11800h 2.3ghz 16gb Ssd512 8gb,https://articulo.mercadolibre.com.pe/MPE-608381431-dell-alienware-x17-r1-173-i7-11800h-23ghz-16gb-ssd512-8gb-_JM,16999.99,Nuevo,""Lima, Lima Metropolitana"",{}"
"Dell Alienware 15 R4 15.6'4k I9-8950hk 2.9ghz 64gb Ssd1tb 8g,https://articulo.mercadolibre.com.pe/MPE-608381481-dell-alienware-15-r4-1564k-i9-8950hk-29ghz-64gb-ssd1tb-8g-_JM,17999.99,Nuevo,""Lima, Lima Metropolitana"",{}"
"Alienware M15 R4 15.6 Fhd 300hz I7 Gen10 Rtx 3070 Ssd 512gb,https://articulo.mercadolibre.com.pe/MPE-446026593-alienware-m15-r4-156-fhd-300hz-i7-gen10-rtx-3070-ssd-512gb-_JM,14999.0,Nuevo,""Santiago De Surco, Lima Metropolitana"",{}"
"Alienware - Area-51m 17.3  1 Tb Hdd- Intel Core I7 - 16gb Rt,https://articulo.mercadolibre.com.pe/MPE-440666372-alienware-area-51m-173-1-tb-hdd-intel-core-i7-16gb-rt-_JM,2000.0,Nuevo,""Palpa, Ica"",""{'0': 'es nuevo y cual es su tienda', '1': 'Aún lo tienes a la venta?', '2': 'Es real?', '3': 'Fu,era ch0,L0 de mi,erd,a nad,ie te va c0m,prar ez,ta fa,d0r xD', '4': 'Buenas tardes, amigo todavía lo tienes?'}"""
"Alienware Area 51m,https://articulo.mercadolibre.com.pe/MPE-443453173-alienware-area-51m-_JM,8746.0,Nuevo,""Cajatambo, Lima Provincias"",""{'0': 'Disponible contra entrega?', '1': 'Buenas cuanto tiempo la entrega para Arequipa', '2': '??????', '3': 'El teclado está en español'}"""
"Alienware 17 R5 Tiger2 17.3'' Qhd I7-8750h 32gb 1000gb-ssd ,https://articulo.mercadolibre.com.pe/MPE-609852931-alienware-17-r5-tiger2-173-qhd-i7-8750h-32gb-1000gb-ssd-_JM,5180.0,Nuevo,""Putumayo, Loreto"",{}"
"Dell Alienware Aw15r3-7001slv I7-7700hq 16gb/1tb/15.6/v6gb,https://articulo.mercadolibre.com.pe/MPE-433234385-dell-alienware-aw15r3-7001slv-i7-7700hq-16gb1tb156v6gb-_JM,6130.0,Nuevo,""Lince, Lima Metropolitana"",{'0': 'Tiene tienda física?'}"
"Alienware 17 R4 Aw17r4  17.3  Core I7 8 Gb Gtx 1070  16 Gb,https://articulo.mercadolibre.com.pe/MPE-441933878-alienware-17-r4-aw17r4-173-core-i7-8-gb-gtx-1070-16-gb-_JM,4000.0,Nuevo,""Chiclayo, Lambayeque"",{'0': 'Hola. Que detalles tiene ? El funcionamiento es optimo ?'}"
"Alienware X17 R1 17.3'fhd I9-11980hk 3.3ghz 32gb Ssd1tb 8gb,https://articulo.mercadolibre.com.pe/MPE-608032942-alienware-x17-r1-173fhd-i9-11980hk-33ghz-32gb-ssd1tb-8gb-_JM,27999.98,Nuevo,""Callao, Lima Metropolitana"",""{'0': 'Hola estoy buscando una laptop con 128GB de ram, 16GB de video, 4TB de disco solido. Tendrá?'}"""
"Alienware Area 51m R2,https://articulo.mercadolibre.com.pe/MPE-443410275-alienware-area-51m-r2-_JM,11643.0,Nuevo,""Lince, Lima Metropolitana"",{}"
"Alienware M17 R2,https://articulo.mercadolibre.com.pe/MPE-443384532-alienware-m17-r2-_JM,4500.0,Nuevo,""Huaral, Lima Provincias"",""{'0': 'Numero de celular para ponerse en contactacto', '1': '4500 soles o dolares', '2': 'De cuántas pulgadas es la pantalla??', '3': 'Estoy interesada, donde podría ver la laptop?'}"""
"Alienware Area 51 M R2 Intel Core I9 64gb Ramnvidia Rtx 2080,https://articulo.mercadolibre.com.pe/MPE-441929029-alienware-area-51-m-r2-intel-core-i9-64gb-ramnvidia-rtx-2080-_JM,4800.0,Nuevo,""Lima, Lima Metropolitana"",""{'0': 'Estoy interesado, se encuentra disponible?', '1': 'se encuentra el equipo disponible para la compra ..?', '2': 'La máquina es fabricación USA y es usada?', '3': 'Aún está disponible y hace envíos a provincia.', '4': 'quiero comprarla', '5': 'Cuanto es el costo...?', '6': 'Es de segunda el producto', '7': 'direccion de tienda fisica?'}"""
"Alienware M17 R3 Gaming 17.3  Core I9 10th Pro 2tb Ssd 32gb,https://articulo.mercadolibre.com.pe/MPE-443347874-alienware-m17-r3-gaming-173-core-i9-10th-pro-2tb-ssd-32gb-_JM,4000.0,Nuevo,""Lima, Lima Metropolitana"",""{'0': 'Buenos días, necesito información, sigue disponible?', '1': 'tiene entrada de audio jack 3.5?', '2': 'Tienes stock en Perú???', '3': 'Cómo te ubico', '4': 'Donde se encuentra'}"""
"Alienware M15 R2 I7-9750h 15.6  Gaming,https://articulo.mercadolibre.com.pe/MPE-606550625-alienware-m15-r2-i7-9750h-156-gaming-_JM,3000.0,Nuevo,""Ambo, Huanuco"",{'0': 'Nuevo y sellado?'}"
"Dell Alienware X17 R1 17.3'fhd I9-11980hk 5.0ghz 32gb 1tb 8g,https://articulo.mercadolibre.com.pe/MPE-608365302-dell-alienware-x17-r1-173fhd-i9-11980hk-50ghz-32gb-1tb-8g-_JM,17999.99,Nuevo,""Lima, Lima Metropolitana"",{}"
"Portátil Para Juegos Alienware M15 R4 I7,https://articulo.mercadolibre.com.pe/MPE-447757491-portatil-para-juegos-alienware-m15-r4-i7-_JM,7000.0,Nuevo,""Loreto, Loreto"",{'0': 'Costo del delivery al centro de Lima?'}"
"Dell Alienware Area 51m R2 I7| 64gb | Rtx 2070 Super|1tb Ssd,https://articulo.mercadolibre.com.pe/MPE-444105282-dell-alienware-area-51m-r2-i7-64gb-rtx-2070-super1tb-ssd-_JM,nan,Nuevo,""Maynas, Loreto"",""{'0': 'es nueva?? con factura ?', '1': 'Sigue disponible?', '2': 'Sigue a la venta?', '3': 'Disponible contra entrega?'}"""
"Alienware 17 R4 Aw17r4 17.3 Núcleos I7 8gb Gtx 1070 16gb 1tb,https://articulo.mercadolibre.com.pe/MPE-441934509-alienware-17-r4-aw17r4-173-nucleos-i7-8gb-gtx-1070-16gb-1tb-_JM,4000.0,Nuevo,""Chiclayo, Lambayeque"",""{'0': 'buenas, aun está disponible el equipo?', '1': 'tienes la laptop? compra inmediata si el pago es contraentrega.'}"""
"Dell Alienware 15 R4 15.6'4k I9-8950hk 2.9ghz 64g Ssd1tb 8gb,https://articulo.mercadolibre.com.pe/MPE-608020746-dell-alienware-15-r4-1564k-i9-8950hk-29ghz-64g-ssd1tb-8gb-_JM,21999.99,Nuevo,""Lima, Lima Metropolitana"",{}"
"Alienware 17 R4 17.3  Intel I7-7700hq, 16gb Ram, 256gb Ssd,https://articulo.mercadolibre.com.pe/MPE-442912923-alienware-17-r4-173-intel-i7-7700hq-16gb-ram-256gb-ssd-_JM,4000.0,Nuevo,""Trujillo, La Libertad"",""{'0': 'Pero pon un numero creíble no sonceras', '1': 'Ubicacion', '2': 'Es nueva?'}"""
"Alienware M17 R3 Gaming 17.3  Core I9 Win 10 Pro 2tb Ssd,https://articulo.mercadolibre.com.pe/MPE-442912318-alienware-m17-r3-gaming-173-core-i9-win-10-pro-2tb-ssd-_JM,4500.0,Nuevo,""Trujillo, La Libertad"",""{'0': 'Buenos días, necesito información, sigue disponible?', '1': 'le doy comprar, cuándo me estaría llegando el producto', '2': 'Precio en dólares?', '3': 'tienen stock y cual es el costo?', '4': 'Hlzzz, esta a 4500 soles???, queria saber si es pantalla tactil', '5': 'Buenos dias como seria la compra - venta? quedamos en algun punto centrico para poder comprar? tienes tienda? o haces envio contra entrega?', '6': 'Comparando precios.... por qué es tan barato?', '7': 'Buen día, el precio que figura en la publicación es en dólares, me imagino?'}"""
"Alienware M15 R3 15.6  | I7 10th Gen | 2070 8gb | 16gb,https://articulo.mercadolibre.com.pe/MPE-600133482-alienware-m15-r3-156-i7-10th-gen-2070-8gb-16gb-_JM,5500.0,Nuevo,""Mi Perú, Lima Metropolitana"",{}"
" Alienwares Area-51m 17.3 Notebook Core-i7 9700 Laptop,https://articulo.mercadolibre.com.pe/MPE-607786808-alienwares-area-51m-173-notebook-core-i7-9700-laptop-_JM,nan,Nuevo,""Lima, Lima Metropolitana"",{'0': 'Que tiempo tiene'}"
"Nuevo Portátil Para Juegos Alienware M15 R4,https://articulo.mercadolibre.com.pe/MPE-605219525-nuevo-portatil-para-juegos-alienware-m15-r4-_JM,5600.0,Nuevo,""San Ignacio, Cajamarca"",{}"
"Dell Alienware X17 R1 17.3' I9-11980hk 3.3gh 32gb Ssd1tb 8gb,https://articulo.mercadolibre.com.pe/MPE-608033741-dell-alienware-x17-r1-173-i9-11980hk-33gh-32gb-ssd1tb-8gb-_JM,27999.99,Nuevo,""Lima, Lima Metropolitana"",""{'0': 'Hola estoy buscando una laptop con 128GB de ram, 16GB de video, 4TB de disco solido. Tendrá?'}"""
"Alienware M15 R3 Laptop  I7 10750h 32gb Ram 1tb Ssd Rtx 2080,https://articulo.mercadolibre.com.pe/MPE-445844830-alienware-m15-r3-laptop-i7-10750h-32gb-ram-1tb-ssd-rtx-2080-_JM,3500.0,Nuevo,""Lima, Lima Metropolitana"",""{'0': 'Haces envío a Cusco?', '1': 'Buenos días, necesito información, sigue disponible?', '2': 'la tiene todavia ?', '3': 'asd', '4': 'En qué tiempo están entregando?', '5': 'Buenas noches tienen tienda fisica', '6': 'Sigue disponoble', '7': 'Escribo al. Numero y deja en visto', '8': 'Hola. Esta disponible para entrega en Lima?'}"""
" Dell Alienware Area 51m R2, 64gb Ram, 2tb Ssd Core I9-10900,https://articulo.mercadolibre.com.pe/MPE-443988621-dell-alienware-area-51m-r2-64gb-ram-2tb-ssd-core-i9-10900-_JM,18000.0,Nuevo,""San Borja, Lima Metropolitana"",""{'0': 'Buenas, aún tiene?', '1': 'buen día , se puede pagar en cuotas ?'}"""
"Alienware Area 51m R2 Rtx 2080 Super 8gb Laptop Intel,https://articulo.mercadolibre.com.pe/MPE-604006832-alienware-area-51m-r2-rtx-2080-super-8gb-laptop-intel-_JM,4300.0,Nuevo,""Lima, Lima Metropolitana"",""{'0': 'Se encuentra disponible?', '1': 'Una pregunta amigo ¿esa laptop es nueva? Y tiene todas esa caracteristicas que pone.', '2': 'Es nueva?'}"""
"Nuevoalienware M15 R4 Rtx 3070 Laptop Para Juegos Full Hd__,https://articulo.mercadolibre.com.pe/MPE-447783532-nuevoalienware-m15-r4-rtx-3070-laptop-para-juegos-full-hd-_JM,5000.0,Nuevo,""Chiclayo, Lambayeque"",""{'0': 'Haces contraentrega', '1': 'Me interesa estoy en trujillo', '2': 'Tiene hdmi 2.1?', '3': 'buen día, ubicación de la tienda?', '4': 'Y el número de contacto?', '5': 'Buenas. aun esta disponible?, cuanto de memoria gráfica tiene?', '6': 'Buenas, ¿cuenta con stock? ¿Hace envío a provincia?', '7': 'Queda stock?'}"""
"Laptop Dell Alienware 15 R4 Nvidia Gtx 1060, Core I7-8750h ,https://articulo.mercadolibre.com.pe/MPE-609513625-laptop-dell-alienware-15-r4-nvidia-gtx-1060-core-i7-8750h-_JM,nan,Usado,""Trujillo, La Libertad"",{}"
"Alienware 13 R13,https://articulo.mercadolibre.com.pe/MPE-611010251-alienware-13-r13-_JM,5700.0,Usado,""Miraflores, Lima Metropolitana"",""{'0': 'Saludos como esta, lo tienes disponible para hoy o mañana? aI finaI Ie dejo mi gima¡I para acordar mejor: valersamsc'}"""
"Dell Alienware Gaming  I7 9na 32gb 1tb Ssd+1tbsshd Gtx1660ti,https://articulo.mercadolibre.com.pe/MPE-439958061-dell-alienware-gaming-i7-9na-32gb-1tb-ssd1tbsshd-gtx1660ti-_JM,5900.0,Usado,""Lince, Lima Metropolitana"",""{'0': 'Aun tienes el equipo??', '1': 'Esta disponible para la entrega en Lima?', '2': 'Hola buenas noches está disponible. Y cómo lo puedo cont tac tar.', '3': 'tendrá stock', '4': 'Hola, tiene disco duro de 1 Tera, no es asi?', '5': 'Ok', '6': 'Buenas! Esta disponible aun? Me llega el aviso de ML, pero no tengo respuesta suya', '7': 'Me interesa, aun la tienes?', '8': 'te dije 4000, me interesa , podría ver en 4300 para comprarla ya.', '9': 'la dejas en 4000'}"""
"Alienware Gaming Laptop M17 R3,https://articulo.mercadolibre.com.pe/MPE-444931496-alienware-gaming-laptop-m17-r3-_JM,14000.0,Usado,""Breña, Lima Metropolitana"",""{'0': 'Cuál es su precio???', '1': 'Estimado le ahí le dejé x favor cmmqse al ❾❽❸❹❾⓿❹❶❺ whas le espero estaré attnta', '2': 'Si estimado', '3': 'Me interesa estimado'}"""
"Laptop Alienware 17 R5 ,https://articulo.mercadolibre.com.pe/MPE-442362428-laptop-alienware-17-r5-_JM,4999.0,Usado,""Lima, Lima Metropolitana"",""{'0': 'Hola, tienes más productos Alienware disponible, ¿cómo puedo ubicarte fb?', '1': 'Sigue disponible?', '2': 'Buenas noches, que tiempo de uso tiene la laptop'}"""
"Laptop Dell Alienware M17 R2 Mg9 /e9 /a3 /a4 /2 /5 /05 4.ac ,https://articulo.mercadolibre.com.pe/MPE-447931970-laptop-dell-alienware-m17-r2-mg9-e9-a3-a4-2-5-05-4ac-_JM,7600.0,Usado,""Pucusana, Lima Metropolitana"",""{'0': 'me puedes mandar las caracteriusticas y cuanto es el precio minimo que aceptariasPO????', '1': 'SE ENCUENTRA AUN DISPONIBLE?', '2': '5000 aceptas?', '3': 'Deja más detalles que me interesa sus características', '4': 'Hola, estoy interesado Como hago para hablarte?', '5': 'Hola. Tengo presupuesto máximo de 4300, déjame ese precio. Gracias.'}"""
"Alienware M15 R4 3080 4k Oled 32gb I7-10870h,https://articulo.mercadolibre.com.pe/MPE-611114151-alienware-m15-r4-3080-4k-oled-32gb-i7-10870h-_JM,10499.0,Usado,""Magdalena Del Mar, Lima Metropolitana"",{}"
"Dell Alienware 15 M15 R2 Core I7-9750h 512gb Ssd 16gb Ddr4,https://articulo.mercadolibre.com.pe/MPE-439685471-dell-alienware-15-m15-r2-core-i7-9750h-512gb-ssd-16gb-ddr4-_JM,16009.0,Nuevo,""Los Olivos, Lima Metropolitana"",""{'0': 'tiene teclado numerico independiente¿?', '1': 'Tiene en stock? Es disco sólido o duro?'}"""
"Laptop Gamer Dell Alienware Core I7,https://articulo.mercadolibre.com.pe/MPE-609378750-laptop-gamer-dell-alienware-core-i7-_JM,2200.0,Usado,""Lima, Lima Metropolitana"",""{'0': 'Dónde es la entrega', '1': 'Cuánto es lo último', '2': 'Amigo pero esa laptop se le puede comprar la batería? O tiene dañado el modulo donde va la batería y solo puede usarse conectada, en pocas palabras.. Si compro la batería sirve sin conectar?', '3': 'Viene con su cargador y/o qué otro accesorio?', '4': 'Podríamos quedar en 1900 soles para hoy o maximo mañana? De ser así confirmar la entrega. Asimismo el monto sería abono a cuenta para evitar inconvenientes', '5': 'Buenas, a cuánto lo estás vendiendo?', '6': 'Hola, cuánto último? Y dónde sería la entrega?', '7': 'Buen día la tienes . Estoy interesado. Me puedes enviar más información', '8': 'Hola. Tiene algún defecto?'}"""
"Gamer Dell Alienware.,https://articulo.mercadolibre.com.pe/MPE-439308309-gamer-dell-alienware-_JM,nan,Usado,""Lima, Lima Metropolitana"",""{'0': 'tienes en stok?', '1': 'Buenas sigue disponible Nine six two one six one nine three one', '2': 'Hola, tienes actualmente en stock?', '3': 'Disponible?', '4': 'estimado no te daran ni 2mil soles, vendi mi alienware R3 a 3000mil soles... bueno suerte!', '5': 'Estoy sumamente interesada yo pagaria por mercado pago ya que es lo que me recomienda mercado libre por el alto valor del equipo,nine seven eight zero one seven nine nine four quisiera coordinar esperare su pronta respuesta, saludos', '6': 'Hola quedos super interesada en tu equipo podriamos coordianar la compra del equipo a precio justo #nine zero two six five one three six seven espero tu mensaje quedo atenta    Otras preguntas', '7': 'estimado, porque no pone su precio real 2500 dolares y se evita que lo esten molestando al poner 2500 soles por su alienware sin bateria. slds', '8': 'es en dolares Nica gracias', '9': 'me cuesta igual q un depa'}"""
"[windows 11] Alienware M15 R5 Geforce Rtx 3070...b09f63m9rw,https://articulo.mercadolibre.com.pe/MPE-609833626-windows-11-alienware-m15-r5-geforce-rtx-3070b09f63m9rw-_JM,12889.0,Nuevo,""Lince, Lima Metropolitana"",{}"
"Dell Alienware M15 R5 Gaming & Entertainment La...b09nb865fm,https://articulo.mercadolibre.com.pe/MPE-609820032-dell-alienware-m15-r5-gaming-entertainment-lab09nb865fm-_JM,11509.0,Nuevo,""Lince, Lima Metropolitana"",{'0': 'Si selecciono la opción para recoger en Lince es la misma fecha que la del envío o puede ser antes?'}"
"Newest Alienware M15 R5 15.6 360hz 1ms Fhd Amd...b09nb26vv5,https://articulo.mercadolibre.com.pe/MPE-609761524-newest-alienware-m15-r5-156-360hz-1ms-fhd-amdb09nb26vv5-_JM,13769.0,Nuevo,""Lince, Lima Metropolitana"",{}"
"Newest Alienware M15 R5 15.6 360hz 1ms Fhd Amd...b09nb22g7q,https://articulo.mercadolibre.com.pe/MPE-609729029-newest-alienware-m15-r5-156-360hz-1ms-fhd-amdb09nb22g7q-_JM,13709.0,Nuevo,""Lince, Lima Metropolitana"",{}"
"Newest Alienware M15 R5 15.6 360hz 1ms Fhd Amd...b09nb1zztk,https://articulo.mercadolibre.com.pe/MPE-609755022-newest-alienware-m15-r5-156-360hz-1ms-fhd-amdb09nb1zztk-_JM,12989.0,Nuevo,""Lince, Lima Metropolitana"",{}"
"Alienware Area 51m 17.3 300hz 3ms Fhd Display I...b08dwgvnzh,https://articulo.mercadolibre.com.pe/MPE-609748507-alienware-area-51m-173-300hz-3ms-fhd-display-ib08dwgvnzh-_JM,13409.0,Nuevo,""Lince, Lima Metropolitana"",{}"
"Vendo Laptop Alienware Mx17 R4 Detalle Tarjeta Externa Msi ,https://articulo.mercadolibre.com.pe/MPE-437894992-vendo-laptop-alienware-mx17-r4-detalle-tarjeta-externa-msi-_JM,1500.0,Usado,""Lima, Lima Metropolitana"",""{'0': 'Buen día tienes la computadora', '1': 'Ubicación por favor. En qué distrito te encuentras??', '2': 'Silla de pollada xd', '3': 'eswtoy muy interezado ....responda para tramitar la compra', '4': 'hola aun tienes el portátil', '5': 'caunto lo menos, y que es lo que incorpora , confirma porfavor las partes principales , 1~ la pantalla de pc adicional de cuantas pulgas es y esta en buen estado , 2~ la pantalla propia de la portatil prende o no prende cuando esta conectado el video externo esa otra de mis duda , aclarala porfavor , 3~ incorpora todos los cables y adaptador de la MSI GTX 1050i y la misma tarjeta de video externa . es de 16 gb de ram segun dices , teclado y audifonos . porfavor espero una respuesta , gracias.', '6': 'Esta disponible?', '7': 'Hola', '8': 'Info o vendida', '9': 'Sun la tienes?'}"""
"[windows 11] Alienware M15 R5 Geforce Rtx 3070...b09f63w4tr,https://articulo.mercadolibre.com.pe/MPE-609709554-windows-11-alienware-m15-r5-geforce-rtx-3070b09f63w4tr-_JM,13879.0,Nuevo,""Lince, Lima Metropolitana"",{}"
"Dell Alienware M15 R6 (latest Model) I7 11800h...b09nl9gflc,https://articulo.mercadolibre.com.pe/MPE-609809043-dell-alienware-m15-r6-latest-model-i7-11800hb09nl9gflc-_JM,14119.0,Nuevo,""Lince, Lima Metropolitana"",{}"
"Newest Alienware M15 R5 15.6 360hz 1ms Fhd Amd...b09nb1f492,https://articulo.mercadolibre.com.pe/MPE-609679211-newest-alienware-m15-r5-156-360hz-1ms-fhd-amdb09nb1f492-_JM,14479.0,Nuevo,""Lince, Lima Metropolitana"",{}"
"Alienware M15 R4 Rtx 3070 Full Hd (fhd) 15.6 In...b08xdx7cw8,https://articulo.mercadolibre.com.pe/MPE-609657698-alienware-m15-r4-rtx-3070-full-hd-fhd-156-inb08xdx7cw8-_JM,10849.0,Nuevo,""Lince, Lima Metropolitana"",{}"
"Alienware M15 R4 Rtx 3080 15.6 Inch Fhd (full H...b08xfp324g,https://articulo.mercadolibre.com.pe/MPE-609639509-alienware-m15-r4-rtx-3080-156-inch-fhd-full-hb08xfp324g-_JM,15089.0,Nuevo,""Lince, Lima Metropolitana"",{}"
"Alienware M15 15.6 Inch Fhd (lunar Light) Intel...b0898mpk8p,https://articulo.mercadolibre.com.pe/MPE-609638718-alienware-m15-156-inch-fhd-lunar-light-intelb0898mpk8p-_JM,10499.0,Nuevo,""Lince, Lima Metropolitana"",{}"
"Alienware X17 R1 17.3 Inch Fhd 360hz Non Touch...b09692lyrg,https://articulo.mercadolibre.com.pe/MPE-609619037-alienware-x17-r1-173-inch-fhd-360hz-non-touchb09692lyrg-_JM,13389.0,Nuevo,""Lince, Lima Metropolitana"",{}"
"Alienware M15 R3 15.6 Inches 300hz 3ms Fhd Disp...b08dw54rcp,https://articulo.mercadolibre.com.pe/MPE-609613178-alienware-m15-r3-156-inches-300hz-3ms-fhd-dispb08dw54rcp-_JM,10499.0,Nuevo,""Lince, Lima Metropolitana"",{}"
"Alienware M15 R4 15.6 Inch Full Hd (fhd) Intel...b08xfpvk3w,https://articulo.mercadolibre.com.pe/MPE-609593381-alienware-m15-r4-156-inch-full-hd-fhd-intelb08xfpvk3w-_JM,9749.0,Nuevo,""Lince, Lima Metropolitana"",{}"
"Alienware X15 R1 15.6 Inch Fhd 360hz Non Touch...b096924s7s,https://articulo.mercadolibre.com.pe/MPE-609580212-alienware-x15-r1-156-inch-fhd-360hz-non-touchb096924s7s-_JM,9239.0,Nuevo,""Lince, Lima Metropolitana"",{}"
"Alienware M17 R4 17.3 Inch Fhd (full Hd) Intel...b08xfq9jq3,https://articulo.mercadolibre.com.pe/MPE-609580490-alienware-m17-r4-173-inch-fhd-full-hd-intelb08xfq9jq3-_JM,9789.0,Nuevo,""Lince, Lima Metropolitana"",""{'0': 'Hola, estoy interesado en el producto. Pero quería consultarte si se puede comprar uno de unas características diferentes, aquí lo específico: 1. Características del producto en venta: CPU Intel Core i7-10870H 10th Gen RAM Size 16 GB Graphics Description NVIDIA RTX3060 Hard Disk Size:1 TB Style: 17.3"""" Gaming 2. Características del producto como deseo: CPU Intel Core i7-10870H 10th Gen RAM Size 32 GB Graphics Description NVIDIA RTX3070 Hard Disk Size:1 TB Style: 17.3"""" Gaming Y si fuera posible adquirir con esas características, ¿Cuánto sería el costo? Espero su respuesta, gracias.', '1': 'Buenos días. ¿Tiene stock para compra hoy mismo?, ¿Si la compro hoy cuando la puedo retirar de tienda? Quisiera lo más pronto posible, por favor confirmar.'}"""
"Alienware X17 R1 17.3 Inch Fhd 360hz Non Touch...b09693m5yj,https://articulo.mercadolibre.com.pe/MPE-609567227-alienware-x17-r1-173-inch-fhd-360hz-non-touchb09693m5yj-_JM,16239.0,Nuevo,""Lince, Lima Metropolitana"",{}"
"Alienware X17 R1 17.3 Inch Fhd 360hz Non Touch...b09f3pt4ft,https://articulo.mercadolibre.com.pe/MPE-608600003-alienware-x17-r1-173-inch-fhd-360hz-non-touchb09f3pt4ft-_JM,13099.0,Nuevo,""Lince, Lima Metropolitana"",""{'0': 'tiene stock ahora para entregra inmediatamente despues de pago', '1': 'Por qué las descripciones diferen mucho, en un párrafo dice 16gb y en otra 32gb de ram. En otro dice rtx 3060 y en otra 3080 :/'}"""
"Alienware X15 R1 Vr Ready 15.6 Inch 360hz Fhd 1...b09dfjd6ch,https://articulo.mercadolibre.com.pe/MPE-608643753-alienware-x15-r1-vr-ready-156-inch-360hz-fhd-1b09dfjd6ch-_JM,11209.0,Nuevo,""Lince, Lima Metropolitana"",{}"
"Alienware M15 R6 15.6 Inch Qhd 240hz Display In...b09dfkdgrn,https://articulo.mercadolibre.com.pe/MPE-608501042-alienware-m15-r6-156-inch-qhd-240hz-display-inb09dfkdgrn-_JM,13819.0,Nuevo,""Lince, Lima Metropolitana"",{}"
"Alienware M15 R6 15.6 Inch Qhd 240hz Display In...b09dfdv2zk,https://articulo.mercadolibre.com.pe/MPE-608397067-alienware-m15-r6-156-inch-qhd-240hz-display-inb09dfdv2zk-_JM,9719.0,Nuevo,""Lince, Lima Metropolitana"",{}"
"Alienware M15 R6 15.6 Inch Qhd 240hz Non Touch...b09dfgwnlh,https://articulo.mercadolibre.com.pe/MPE-608340090-alienware-m15-r6-156-inch-qhd-240hz-non-touchb09dfgwnlh-_JM,10799.0,Nuevo,""Lince, Lima Metropolitana"",{}"
"Alienware X17 R1 Vr Ready 17.3 Inch 360hz Fhd 1...b09dfjxzvq,https://articulo.mercadolibre.com.pe/MPE-608606387-alienware-x17-r1-vr-ready-173-inch-360hz-fhd-1b09dfjxzvq-_JM,10819.0,Nuevo,""Lince, Lima Metropolitana"",""{'0': 'Buenos días. ¿Tiene stock para compra hoy mismo?, ¿Si la compro hoy cuando la puedo retirar de tienda? Quisiera lo más pronto posible, por favor confirmar.'}"""
"Alienware Area-51m R2 Laptop 10th Gen I9 10900k 10-core,https://articulo.mercadolibre.com.pe/MPE-441929946-alienware-area-51m-r2-laptop-10th-gen-i9-10900k-10-core-_JM,4800.0,Nuevo,""Lima, Lima Metropolitana"",""{'0': 'Hola esta disponible? no veo numeros de contacto en la descripcion.', '1': 'Bro contacto', '2': 'Hola tu producto es semi nuevo?', '3': 'El producto es nuevo??', '4': 'Hace cuanto tiempo lo tienes en casa? De qué año es la Laptop?', '5': 'WhatsApp', '6': 'se puede pagar en cuotas?', '7': 'Numero por favor', '8': 'puedo realizar el pago contraentrega', '9': 'Número porfavor'}"""
"Alienware M15 R3 15.6inch Fhd (lunar Light) Int...b089hj9s33,https://articulo.mercadolibre.com.pe/MPE-609550584-alienware-m15-r3-156inch-fhd-lunar-light-intb089hj9s33-_JM,7819.0,Nuevo,""Lince, Lima Metropolitana"",{}"
"Gamer Alienware Area 51m Con 17.3 Pulgadas Notebook,https://articulo.mercadolibre.com.pe/MPE-439897438-gamer-alienware-area-51m-con-173-pulgadas-notebook-_JM,3675.0,Nuevo,""Chincha, Ica"",""{'0': 'Buenos días, necesito información, sigue disponible?', '1': 'Precio ?', '2': 'el precio es real? solo compro a través de la plataforma a Mercado Libre', '3': 'Aun sigue teniendo ?', '4': 'Tienda física?', '5': 'Es una laptop verdad?', '6': 'Aún se encuentra disponible??', '7': 'Aún tienes en stock y el envío para Puno', '8': 'Tienes stock en Perú???', '9': 'Haces Envio a Lima?'}"""
"Dell Alienware 15 A15 Core I7-9750h 512gb Ssd 16gb Ddr4 Gef,https://articulo.mercadolibre.com.pe/MPE-439685514-dell-alienware-15-a15-core-i7-9750h-512gb-ssd-16gb-ddr4-gef-_JM,14889.0,Nuevo,""Los Olivos, Lima Metropolitana"",{}"
"Laptop Gamer Dell Alienware X15,https://articulo.mercadolibre.com.pe/MPE-612005412-laptop-gamer-dell-alienware-x15-_JM,10000.0,Nuevo,""Lambayeque, Lambayeque"",{}"
"Alienware M15 R5 Fhd Gaming Laptop 1tb ,https://articulo.mercadolibre.com.pe/MPE-610406516-alienware-m15-r5-fhd-gaming-laptop-1tb-_JM,2499.0,Nuevo,""San Martín, San Martin"",{}"
"Dell Alienware M15 R3 15.6 I7 32gb 512ssd Rtx 2080 A15viw,https://articulo.mercadolibre.com.pe/MPE-442877224-dell-alienware-m15-r3-156-i7-32gb-512ssd-rtx-2080-a15viw-_JM,15299.0,Nuevo,""Los Olivos, Lima Metropolitana"",{}"
"Dell Alienware X15 R1 I9 - 11900h 2.50ghz 32gb Ram Laptop,https://articulo.mercadolibre.com.pe/MPE-606921183-dell-alienware-x15-r1-i9-11900h-250ghz-32gb-ram-laptop-_JM,5990.0,Nuevo,""Pasco, Pasco"",""{'0': 'Hola puedo recogerlo yo mismo?', '1': 'Buenas noches, tiene este producto en color blanco, gracias.', '2': 'Envías a Lima?'}"""
" Alienware M17 17.3 Core I7 Geforce Rtx 2070 Gaming Laptop,https://articulo.mercadolibre.com.pe/MPE-607767333-alienware-m17-173-core-i7-geforce-rtx-2070-gaming-laptop-_JM,nan,Nuevo,""Lima, Lima Metropolitana"",{'0': 'De qué generación es el procesador?'}"
"Alienware Area 51m 17.3  Gaming Laptop I7 9700k Rtx 2080,https://articulo.mercadolibre.com.pe/MPE-606870064-alienware-area-51m-173-gaming-laptop-i7-9700k-rtx-2080-_JM,6000.0,Nuevo,""Cañete, Lima Provincias"",""{'0': 'Aceptas mercado pago, envio a arequipa por courier.', '1': 'Hola sigue disponible y hasta cuanto lo deja'}"""
"Laptop Alienware M15 R3 I9 10gen,32gb, Rtx 2080super, 300hz,https://articulo.mercadolibre.com.pe/MPE-445257430-laptop-alienware-m15-r3-i9-10gen32gb-rtx-2080super-300hz-_JM,11500.0,Nuevo,""San Martín De Porres, Lima Metropolitana"",""{'0': 'Buenas estoy interesado en el producto si esta completamente sellado, seria ideal.', '1': 'Hola. Se puede completar el trato contraentrega?', '2': 'Me puede confirmar el precio a ver a cuánto quedamos y si se puede contraentrega. Estoy interesado y me gustaría ver el equipo por foto y coordinar directamente si se pudiera por favor.', '3': 'Hola. Esta disponible para entrega en Lima?', '4': '➒➅⓪➌➌⓪➊➌➅'}"""
"Laptop Alienware M15 15.6 I7 32gb 1tb Rtx 3080 Nuevo,https://articulo.mercadolibre.com.pe/MPE-611362345-laptop-alienware-m15-156-i7-32gb-1tb-rtx-3080-nuevo-_JM,7879.0,Nuevo,""Cajatambo, Lima Provincias"",{}"
"Alienware M15 R3 Gaming Laptop,https://articulo.mercadolibre.com.pe/MPE-444341141-alienware-m15-r3-gaming-laptop-_JM,18000.0,Nuevo,""San Miguel, Lima Metropolitana"",{}"
"Alienware Area-51m R2 Gaming Laptop,https://articulo.mercadolibre.com.pe/MPE-443359057-alienware-area-51m-r2-gaming-laptop-_JM,4800.0,Nuevo,""Aymaraes, Apurimac"",""{'0': 'El precio', '1': 'las fotos no corresponden al modelo A51 R2', '2': 'EL PRECIO PUBLICADO ES EN SOLES??', '3': 'hola elproducto aun sigue en venta?', '4': 'se puede pagar en cuotas ?', '5': 'Buenas tiene aun en venta no lo puedo contactar me interesa comprar.'}"""
