,Título,URL,Precio
0,Audífonos Inalámbricos Con Noise Cancelling Wh-1000xm4,https://click1.mercadolibre.com.pe/mclics/clicks/external/MPE/count?a=21CdBiS7aVABcFMTikcoaSuRmQOKemzYlrkE6fpFliHK3T64r%2FNLb8eTnwuQq9LYncBPsSM%2BnKk68sJo8%2BqUGTr0AwaPqfFlJplE28PoRerbWlaZL%2BQ0U5IkNSZ%2BYRgjvhI44eGvxUWYWaemVfvvhoaAqnVj9b02kIfcqBZxClHoFSAfif5BgdkheMCKZ1EyNGedrRZ5z9NYl6Z73OIumyb3FJSD946%2Fuoq6ydR%2BevuMduJyuPQ0Xr%2BEs8TGlJ1lLMhxAcM91%2BiUMPvSN%2FPliW5DUpMGwS9wm1Th3i%2FcXsTorb0t6c%2B%2Be3%2BJDNYjLthfL0UgCIdu8XIT23TtBz0U%2BTr2YizkkSfzZ1Lcb5C%2F6dMZmVsJEG5rl5jhghFXbOi1lmk%2F1QOP933ZPVNnRUOrE5g6bLlzv5VKTJ6N9VFUnPXVJWIeX3nUOCpJv%2BScclnrk8Or7gVekyyZ4i7n5pVIBRFHd2lg4VnGy8BOpyl9Lo%2FyfAvXxDvCVL3b3yKwfR88tG69B4QMj992hqzXBFXGlrqUu3esK4aMoHuTYCG%2FgkRnWXP9ZE6%2FPXKgs%2F9LSTEUHmPCGdg51X3Y%2Fa8KgVMEoGzBb1EldMi%2Bn2kHao%2BFMBBjme%2BjlHj%2F0H1RzwK5iIBx%2FbJifr%2Bv&rb=x,899.0
1,Audífonos Inalámbricos Con Noise Cancelling Wf-1000xm4,https://click1.mercadolibre.com.pe/mclics/clicks/external/MPE/count?a=o5nxlZPHjxEqCBSzRw345vlib4OeHdfUQKHnlsY2A%2BoVMlwH6Kocd4%2FbHHL4uE1WaoIBh0l74qxFWoJ2pjGWuBiKwRnAXaqI%2F6LuIa7eP1HOIHzuq4NYjb%2FmmsZmSJcOH68LkDOTN7cKomzMiCIm4B5oYf7e%2FoBxlzsKvAFTFAYSgIRVn%2BtI9UmLmXBV4WotsrxX1jUK8MASDSHsBZLKLtI02I6dDXSnlC581o3DdBPEBmTUy299EcsiXDtGnRBrFJN0zzrV%2FVu3%2BtDL5WR0t8fYQLTMgeQfPoomxURlZ3tcP8Dl5huxmRGaz%2BEjnAfn76aL9M7%2BWQvgW9jw7joZJ6iVw6uHfbhBkpsh45U0TLgdDA7XkHnqxuLrSN0APxKgrEpKHfoTdxCTUgkyhgjb%2BLmf3jXbgv7EzmZdla8QIFslSHVWOFkpdkMb%2FZAC3Cx%2BHpoPZncvrOzTt5OtmkRQuCrqdAq0aCGaGINbS4VRRjN5GB3F5AZpwyNT1N6F557FQsP%2BtzNws%2BNMFK0cQBrwydymtQNf5jq%2BEj%2FvjrMJqemcQW9Lsjs6xVsg72VIvJ993MbJZDyUM9Im021XRsS4mP1Lp4S2mxAKOkS0qnv9IEc3584SNWR01J3Wf2brbTl0VUO8HVcX&rb=x,949.0
2,Audífonos Inalámbricos Con Noise Cancelling Wh-1000xm4,https://articulo.mercadolibre.com.pe/MPE-440820439-audifonos-inalambricos-con-noise-cancelling-wh-1000xm4-_JM#position=3&search_layout=stack&type=item&tracking_id=7ea283b4-d237-44c7-80db-a2bbd1ba0135,899.0
3,"Audifonos Xiaomi Redmi Airdots 3, Qualcomm Apt-x Stereo Bass",https://articulo.mercadolibre.com.pe/MPE-447051978-audifonos-xiaomi-redmi-airdots-3-qualcomm-apt-x-stereo-bass-_JM#position=4&search_layout=stack&type=item&tracking_id=7ea283b4-d237-44c7-80db-a2bbd1ba0135,159.9
4,Audífono C/microf. Razer Blackshark V2 X ,https://articulo.mercadolibre.com.pe/MPE-440946804-audifono-cmicrof-razer-blackshark-v2-x-_JM#position=5&search_layout=stack&type=item&tracking_id=7ea283b4-d237-44c7-80db-a2bbd1ba0135,164.0
5,Audífonos Inalámbricos Con Noise Cancelling Wf-1000xm4,https://articulo.mercadolibre.com.pe/MPE-603178089-audifonos-inalambricos-con-noise-cancelling-wf-1000xm4-_JM#position=6&search_layout=stack&type=item&tracking_id=7ea283b4-d237-44c7-80db-a2bbd1ba0135,949.0
6,Audifonos Huawei Am61 Bluetooth Sport Lite + Regalo ,https://articulo.mercadolibre.com.pe/MPE-434303167-audifonos-huawei-am61-bluetooth-sport-lite-regalo-_JM#position=7&search_layout=stack&type=item&tracking_id=7ea283b4-d237-44c7-80db-a2bbd1ba0135,119.0
7,Sony Audífonos Inalámbricos Con Noise Cancelling Wf-1000xm3,https://articulo.mercadolibre.com.pe/MPE-438559148-sony-audifonos-inalambricos-con-noise-cancelling-wf-1000xm3-_JM#position=8&search_layout=stack&type=item&tracking_id=7ea283b4-d237-44c7-80db-a2bbd1ba0135,399.0
8, Auriculares  Inalámbricos G435 Lightspeed - Negro,https://articulo.mercadolibre.com.pe/MPE-604522634-auriculares-inalambricos-g435-lightspeed-negro-_JM#position=9&search_layout=stack&type=item&tracking_id=7ea283b4-d237-44c7-80db-a2bbd1ba0135,315.0
9,Jbl Tune 510bt Audifonos Bluetooth 5.0 Pure Bass Sound 40hrs,https://articulo.mercadolibre.com.pe/MPE-446539797-jbl-tune-510bt-audifonos-bluetooth-50-pure-bass-sound-40hrs-_JM#position=10&search_layout=stack&type=item&tracking_id=7ea283b4-d237-44c7-80db-a2bbd1ba0135,159.0
10,Audifonos Original Xiaomi Redmi Airdots En Stock + Tienda !!,https://articulo.mercadolibre.com.pe/MPE-433005812-audifonos-original-xiaomi-redmi-airdots-en-stock-tienda--_JM#position=11&search_layout=stack&type=item&tracking_id=7ea283b4-d237-44c7-80db-a2bbd1ba0135,79.9
11,Audifono C/microf. Razer Kraken X Lite Black,https://articulo.mercadolibre.com.pe/MPE-438825884-audifono-cmicrof-razer-kraken-x-lite-black-_JM#position=12&search_layout=stack&type=item&tracking_id=7ea283b4-d237-44c7-80db-a2bbd1ba0135,134.0
12,Jbl Audifonos Bluetooth 5.0 Pure Bass Sound Tune 115tws,https://articulo.mercadolibre.com.pe/MPE-445522340-jbl-audifonos-bluetooth-50-pure-bass-sound-tune-115tws-_JM#position=13&search_layout=stack&type=item&tracking_id=7ea283b4-d237-44c7-80db-a2bbd1ba0135,189.0
13,Audifonos Inalambricos Xiaomi Redmi Airdots 3 Pro Originales,https://articulo.mercadolibre.com.pe/MPE-447784606-audifonos-inalambricos-xiaomi-redmi-airdots-3-pro-originales-_JM#position=14&search_layout=stack&type=item&tracking_id=7ea283b4-d237-44c7-80db-a2bbd1ba0135,244.99
14,Xiaomi Redmi Buds 3 Youth Edition Audifonos Bluetooth Ip54 ,https://articulo.mercadolibre.com.pe/MPE-605933206-xiaomi-redmi-buds-3-youth-edition-audifonos-bluetooth-ip54-_JM#position=15&search_layout=stack&type=item&tracking_id=7ea283b4-d237-44c7-80db-a2bbd1ba0135,109.0
15,Audífono C/microf. Razer Barracuda X Wireless 7.1 Hybrid,https://articulo.mercadolibre.com.pe/MPE-447079322-audifono-cmicrof-razer-barracuda-x-wireless-71-hybrid-_JM#position=16&search_layout=stack&type=item&tracking_id=7ea283b4-d237-44c7-80db-a2bbd1ba0135,359.0
16,Audífonos Bluetooth Inalámbrica F9 Táctil,https://articulo.mercadolibre.com.pe/MPE-445642979-audifonos-bluetooth-inalambrica-f9-tactil-_JM#position=17&search_layout=stack&type=item&tracking_id=7ea283b4-d237-44c7-80db-a2bbd1ba0135,49.77
17,Audifonos Apple AirPods 3 Original Sellados | Ultimo Modelo,https://articulo.mercadolibre.com.pe/MPE-438742768-audifonos-apple-airpods-3-original-sellados-ultimo-modelo-_JM#position=18&search_layout=stack&type=item&tracking_id=7ea283b4-d237-44c7-80db-a2bbd1ba0135,889.0
18,Jbl Audifonos T110 Pure Sound Bass Harman Original Colores,https://articulo.mercadolibre.com.pe/MPE-434111263-jbl-audifonos-t110-pure-sound-bass-harman-original-colores-_JM#position=19&search_layout=stack&type=item&tracking_id=7ea283b4-d237-44c7-80db-a2bbd1ba0135,42.0
19,Audífono Gamer Hyperx Cloud Flight Inalámbricos De Diadema P,https://articulo.mercadolibre.com.pe/MPE-446566975-audifono-gamer-hyperx-cloud-flight-inalambricos-de-diadema-p-_JM#position=20&search_layout=stack&type=item&tracking_id=7ea283b4-d237-44c7-80db-a2bbd1ba0135,407.55
20,Audifonos Haylou Gt3 2021 Microfono Mejorado Airdots +tienda,https://articulo.mercadolibre.com.pe/MPE-445172171-audifonos-haylou-gt3-2021-microfono-mejorado-airdots-tienda-_JM#position=21&search_layout=stack&type=item&tracking_id=7ea283b4-d237-44c7-80db-a2bbd1ba0135,95.9
21,Sony Audífonos Internos Con Micrófono Mdr-ex15ap,https://articulo.mercadolibre.com.pe/MPE-438540823-sony-audifonos-internos-con-microfono-mdr-ex15ap-_JM#position=22&search_layout=stack&type=item&tracking_id=7ea283b4-d237-44c7-80db-a2bbd1ba0135,39.0
22,"Laptop Huawei Matebook D14 I5 8gb Ram, 512gb Ssd + Regalos",https://articulo.mercadolibre.com.pe/MPE-446645731-laptop-huawei-matebook-d14-i5-8gb-ram-512gb-ssd-regalos-_JM#position=23&search_layout=stack&type=item&tracking_id=7ea283b4-d237-44c7-80db-a2bbd1ba0135,2599.0
23,Skullcandy Sesh Audifonos Bluetooth 5.0 True Wireless 2019,https://articulo.mercadolibre.com.pe/MPE-438543069-skullcandy-sesh-audifonos-bluetooth-50-true-wireless-2019-_JM#position=24&search_layout=stack&type=item&tracking_id=7ea283b4-d237-44c7-80db-a2bbd1ba0135,159.0
24,Audífono C/microf. Razer Hammerhead True Wireless X Black,https://articulo.mercadolibre.com.pe/MPE-446592823-audifono-cmicrof-razer-hammerhead-true-wireless-x-black-_JM#position=25&search_layout=stack&type=item&tracking_id=7ea283b4-d237-44c7-80db-a2bbd1ba0135,306.0
25,Audifonos Xiaomi Mi In Ear Pro Hd Hybrid Sellados + Tienda,https://articulo.mercadolibre.com.pe/MPE-435423611-audifonos-xiaomi-mi-in-ear-pro-hd-hybrid-sellados-tienda-_JM#position=26&search_layout=stack&type=item&tracking_id=7ea283b4-d237-44c7-80db-a2bbd1ba0135,129.0
26,Audífonos Inalámbricos Wh-ch510,https://articulo.mercadolibre.com.pe/MPE-440471065-audifonos-inalambricos-wh-ch510-_JM#position=27&search_layout=stack&type=item&tracking_id=7ea283b4-d237-44c7-80db-a2bbd1ba0135,129.0
27,Audífono C/microf. Razer Kraken Kitty Edition Usb Quartz,https://articulo.mercadolibre.com.pe/MPE-440322017-audifono-cmicrof-razer-kraken-kitty-edition-usb-quartz-_JM#position=28&search_layout=stack&type=item&tracking_id=7ea283b4-d237-44c7-80db-a2bbd1ba0135,539.0
28,Xiaomi Redmi Buds 3 Lite,https://articulo.mercadolibre.com.pe/MPE-606865153-xiaomi-redmi-buds-3-lite-_JM#position=29&search_layout=stack&type=item&tracking_id=7ea283b4-d237-44c7-80db-a2bbd1ba0135,104.0
29, Auriculares  Inalámbricos G435 Lightspeed - Negro,https://click1.mercadolibre.com.pe/mclics/clicks/external/MPE/count?a=nwvhMFU6S%2FRr4NvXnAteuoJNhffjwUYFCh1tZ6bLkEgZdIg%2BpqFH%2B9reWqsMPvr0vEQciNZ7kjkOrN%2Bp2GBTHi6mFyFNMezhEOYwFXDv9FTYn86zOZXzuWZ1OXN1ewYqyFJoTCjEojiipyhlnBAvc1uMbGrqlrq7HKvN9eos7HYRjn9fI%2Fl8I9P0Q93cOAnfYjnQipaQr3IDiRY3r3JqPg5MgzBy70nhKWlhelf4xQQZ4nF8ATWZX7MSr58Jx2Nz2wTbOzihmL1oUO9qHVwho7BJsTvjv4u%2B6wf45wTF7sBdXRIhMYNYFuERhI7z9cez%2BjqLTkyp2dvzbK54XxX1aXf%2FB%2BsXQ9FmPCFmGBYa1ABhNPrdDzfSbLhi1pQOhcNyHrFCEyy0hHx9EawmkgPVavStJaSFzNEMx4hu2rHR0yidknd%2B3%2BcX6wRZVlOnPgesOEGM%2F74D1XRXw8PKflsHBBf2RTaSfJGom%2BClLPbt9lq3bkV3Dhaqihqrao77Iq59dV%2B1S1C0tr416dRVdgVn1jIdITrl0KTXuVHolZqJaWpljy%2F5rh0SCjESxNyDfJev0uB0%2BP6nkbpaEB3J84WkNVTQdDinWuemOdXYz1E%2FT5CTno1kua9gyjzGg%2FqCOwWA&rb=x,315.0
30,Audífonos Inalámbricos Wf-xb700 Con Extra Bass,https://click1.mercadolibre.com.pe/mclics/clicks/external/MPE/count?a=W0s3SqqXGz8XjDY%2B2UcLpmuMEUX8k5k0RPketTB3QXFHQaz1JohWqbv6jTJWsQqFsxdQsWAOu%2BJDf98df9%2FqiSyMFM%2Bc%2FGndz4YuVNAy6iFeaPSpmX3qQI3xVlW4JXuXqwZ1gGJSfQ%2B02Sg8K83o3u2ohsvaXvlht6PaqMqmfqlOYicW6l38g%2BNFZvP0sUtc5BhDFj4yAJsTC5IDfckOHyqEHTallJviEZMrnjABog%2B30kLVGWEJSk2HglOafklaxmUEHNDy%2F1V8xHtxG61T%2FD%2ByFvRFRx1SRuktEl8ordJVaLgyuj2NdZAPWMWfgPXFuA%2BAZGg7788YaHgmnK6ug9w6G3hHR2AylQ6x0mnRUHrj8JVKAL3qHsxkEH72tXtqNdAxP%2BGaLR5NfIfD8D8fNlupZjxOU0ukHfXy8RPlXKoAJ1O%2F5viD6NhlbUFP8y7pCdVJ%2BYa0EJsrM%2BnNa%2F%2FTED1ftbQdsWlKi8DcOpibbyohAZ%2BrBiQBaHUYrAaDZ6g5gTz9jvgTvqfrFLjY60tiMA9PkYZDRSEcTQRAH%2Bh115RvTAqaidgKuuAZzAglXWgDryDu8Xc%2F8P9MbXXnP%2BByvgX%2BaH8xiIgNLcG%2FlWsZiwl5n%2B08mAbj2wh6eb0FpqPs&rb=x,349.0
31,Audifonos Samsung Buds Live Negros 02 Tiendas Envios Instant,https://articulo.mercadolibre.com.pe/MPE-447366486-audifonos-samsung-buds-live-negros-02-tiendas-envios-instant-_JM#position=32&search_layout=stack&type=item&tracking_id=7ea283b4-d237-44c7-80db-a2bbd1ba0135,489.0
32,Skullcandy Audifonos Mini Bluetooth 5.0 True Tws Ipx4 Dime,https://articulo.mercadolibre.com.pe/MPE-447189228-skullcandy-audifonos-mini-bluetooth-50-true-tws-ipx4-dime-_JM#position=33&search_layout=stack&type=item&tracking_id=7ea283b4-d237-44c7-80db-a2bbd1ba0135,139.0
33,Audifonos Haylou W1 Aptx Qualcomm Cancelacion Ruido Airdots,https://articulo.mercadolibre.com.pe/MPE-603278449-audifonos-haylou-w1-aptx-qualcomm-cancelacion-ruido-airdots-_JM#position=34&search_layout=stack&type=item&tracking_id=7ea283b4-d237-44c7-80db-a2bbd1ba0135,165.9
34,Cable Splitter De Audifono  Audio Y Micrófono Macho Y Hembra,https://articulo.mercadolibre.com.pe/MPE-442018120-cable-splitter-de-audifono-audio-y-microfono-macho-y-hembra-_JM#position=35&search_layout=stack&type=item&tracking_id=7ea283b4-d237-44c7-80db-a2bbd1ba0135,7.92
35, Auriculares  Inalámbricos G435 Lightspeed,https://articulo.mercadolibre.com.pe/MPE-603736356-auriculares-inalambricos-g435-lightspeed-_JM#position=36&search_layout=stack&type=item&tracking_id=7ea283b4-d237-44c7-80db-a2bbd1ba0135,339.9
36,"Laptop Huawei Matebook D14 I3 8gb Ram, 256gb Ssd + Regalos",https://articulo.mercadolibre.com.pe/MPE-600078904-laptop-huawei-matebook-d14-i3-8gb-ram-256gb-ssd-regalos-_JM#position=37&search_layout=stack&type=item&tracking_id=7ea283b4-d237-44c7-80db-a2bbd1ba0135,1799.0
37,Audífono In Ear Trn Mt1 Hi-fi  Dinámicos  Micrófono Calidad,https://articulo.mercadolibre.com.pe/MPE-605206701-audifono-in-ear-trn-mt1-hi-fi-dinamicos-microfono-calidad-_JM#position=38&search_layout=stack&type=item&tracking_id=7ea283b4-d237-44c7-80db-a2bbd1ba0135,39.33
38,Audífonos Inalambricos Qcy T6 Xiaomi Bluetooth Airdots ,https://articulo.mercadolibre.com.pe/MPE-444322557-audifonos-inalambricos-qcy-t6-xiaomi-bluetooth-airdots-_JM#position=39&search_layout=stack&type=item&tracking_id=7ea283b4-d237-44c7-80db-a2bbd1ba0135,119.9
39,Auriculares Gamer Redragon Zeus H510 2,https://articulo.mercadolibre.com.pe/MPE-437520870-auriculares-gamer-redragon-zeus-h510-2-_JM#position=40&search_layout=stack&type=item&tracking_id=7ea283b4-d237-44c7-80db-a2bbd1ba0135,229.0
40,Jbl Tune 125bt 16 Horas Audifonos Bluetooth 5.0 Universal,https://articulo.mercadolibre.com.pe/MPE-601627532-jbl-tune-125bt-16-horas-audifonos-bluetooth-50-universal-_JM#position=41&search_layout=stack&type=item&tracking_id=7ea283b4-d237-44c7-80db-a2bbd1ba0135,139.0
41,"Audífonos Earpods Apple iPhone 11, 12, X, 8, 7 Lightning",https://articulo.mercadolibre.com.pe/MPE-603756595-audifonos-earpods-apple-iphone-11-12-x-8-7-lightning-_JM#position=42&search_layout=stack&type=item&tracking_id=7ea283b4-d237-44c7-80db-a2bbd1ba0135,113.05
42,Audífono Bluetooth Lenovo He05 Magnético  Ipx6,https://articulo.mercadolibre.com.pe/MPE-441749118-audifono-bluetooth-lenovo-he05-magnetico-ipx6-_JM#position=43&search_layout=stack&type=item&tracking_id=7ea283b4-d237-44c7-80db-a2bbd1ba0135,52.25
43,Auriculares Gamer Logitech G Pro X Blue Voice Wireless,https://articulo.mercadolibre.com.pe/MPE-605725009-auriculares-gamer-logitech-g-pro-x-blue-voice-wireless-_JM#position=44&search_layout=stack&type=item&tracking_id=7ea283b4-d237-44c7-80db-a2bbd1ba0135,729.0
44,Sony Audifonos Bluetooth 5.0 Wireless 15 Horas Wi-c310,https://articulo.mercadolibre.com.pe/MPE-437540050-sony-audifonos-bluetooth-50-wireless-15-horas-wi-c310-_JM#position=45&search_layout=stack&type=item&tracking_id=7ea283b4-d237-44c7-80db-a2bbd1ba0135,144.0
45,Audifonos Original Xiaomi Redmi Buds 3 Youth Edition Airdots,https://articulo.mercadolibre.com.pe/MPE-606544307-audifonos-original-xiaomi-redmi-buds-3-youth-edition-airdots-_JM#position=46&search_layout=stack&type=item&tracking_id=7ea283b4-d237-44c7-80db-a2bbd1ba0135,105.9
46,G432 7.1 Surround Sound Wired Gaming Headset,https://articulo.mercadolibre.com.pe/MPE-439951901-g432-71-surround-sound-wired-gaming-headset-_JM#position=47&search_layout=stack&type=item&tracking_id=7ea283b4-d237-44c7-80db-a2bbd1ba0135,232.0
47,Skullcandy Audifonos Crusher Wireless Premium Sound Bass 40h,https://articulo.mercadolibre.com.pe/MPE-434095625-skullcandy-audifonos-crusher-wireless-premium-sound-bass-40h-_JM#position=48&search_layout=stack&type=item&tracking_id=7ea283b4-d237-44c7-80db-a2bbd1ba0135,409.0
48,Xiaomi Redmi Buds 3 Pro Airdots Audifonos Bluetooth Original,https://articulo.mercadolibre.com.pe/MPE-608234146-xiaomi-redmi-buds-3-pro-airdots-audifonos-bluetooth-original-_JM#position=49&search_layout=stack&type=item&tracking_id=7ea283b4-d237-44c7-80db-a2bbd1ba0135,259.0
49,Sony Audifonos Bluetooth 5.0 Extra Bass 15hrs Wi-xb400,https://articulo.mercadolibre.com.pe/MPE-439775941-sony-audifonos-bluetooth-50-extra-bass-15hrs-wi-xb400-_JM#position=50&search_layout=stack&type=item&tracking_id=7ea283b4-d237-44c7-80db-a2bbd1ba0135,189.24
50,"Macbook Air 13'' Procesador Apple M1 (8 Gb Ram, 256 Gb Ssd)",https://articulo.mercadolibre.com.pe/MPE-447362338-macbook-air-13-procesador-apple-m1-8-gb-ram-256-gb-ssd-_JM#position=51&search_layout=stack&type=item&tracking_id=7ea283b4-d237-44c7-80db-a2bbd1ba0135,4499.0
51,Parlantes Razer Nommo Chroma - 2.0 Gaming Speakers,https://articulo.mercadolibre.com.pe/MPE-431414975-parlantes-razer-nommo-chroma-20-gaming-speakers-_JM#position=52&search_layout=stack&type=item&tracking_id=7ea283b4-d237-44c7-80db-a2bbd1ba0135,598.0
52,Almohadillas Para Skullcandy Crusher Y Hesh Wireless,https://articulo.mercadolibre.com.pe/MPE-443779751-almohadillas-para-skullcandy-crusher-y-hesh-wireless-_JM#position=53&search_layout=stack&type=item&tracking_id=7ea283b4-d237-44c7-80db-a2bbd1ba0135,54.9
53,Xiaomi Redmi Buds 3 Pro Audifonos Originales,https://articulo.mercadolibre.com.pe/MPE-604873546-xiaomi-redmi-buds-3-pro-audifonos-originales-_JM#position=54&search_layout=stack&type=item&tracking_id=7ea283b4-d237-44c7-80db-a2bbd1ba0135,279.0
54,Auriculares Gamer Logitech G335 - Conectores 3.5mm Negro,https://click1.mercadolibre.com.pe/mclics/clicks/external/MPE/count?a=nqM3qNz4rfPfM0tectm1xc589GzaF56riqRNzoqJt2yp81xy%2FBKjjp%2FufbbkgysWZFYhZoyW5G9nsWewubtS%2FRRiubHlsiTm34lqYv2g1ppZg7af9zN6JsDEGIjDq8qrvtyg%2BM%2B6IYVFBhdpl7kaaYntQEmrsoAcQmEjT%2BaLWBy5MAUZDlU00yuOWL%2FvbfbsJJyfJSLbDyfeWCg0ZyrQA4W5W57fE3VH5EtAqlmsXT47t5dOERyUHbB9HE2ZbFJ2qm8a5DReLacYI0ad5tnoNtt9GjmX5QojTJIbfulqCNEEF9bAv%2Fmu9E8YaaeX7FVQNEN65l3j3kPmNsiKQZOu5uArYBVVqzDs7ervfDBxbG2TMlx0OFFqKxOyFO1gSLVHoH%2BgslqOPhKFH2VcMpnebN05kPJ97hNCy8gRUtCQoA1jXpdWBTSqDdsn4rKL5B%2BUfh7AeG2fGlf1ZVtjCJQukDSX0q0BW8sWzn3%2BjfFY4MP1ZpFUB%2Fk5G98pb1QxfK76CpfYYi4LKc1lFjImWoQLzcooohzhfKmRyUbSltQAzSCGw0wsZD6SjgGtbcSaXEfohU%2BoBdtticBRF4ZPmuS7a9C4mXJZAZa%2Brl%2BWv3G9Ncs6QglDd0wGJi35RaiRfAC%2BHO9lnlSN&rb=x,190.0
55,Audífonos True Wireless Wf-c500,https://articulo.mercadolibre.com.pe/MPE-603018377-audifonos-true-wireless-wf-c500-_JM?searchVariation=173963409699#searchVariation=173963409699&position=2&search_layout=stack&type=item&tracking_id=eecf0465-afd0-412d-b583-a4d38aea4e20,249.0
56,Audifono C/microf. Logitech G335 Black 981-000977,https://articulo.mercadolibre.com.pe/MPE-447861079-audifono-cmicrof-logitech-g335-black-981-000977-_JM?searchVariation=173547619598#searchVariation=173547619598&position=3&search_layout=stack&type=item&tracking_id=eecf0465-afd0-412d-b583-a4d38aea4e20,219.9
57,Audifonos Inalambricos Xiaomi Redmi Airdots 3 Pro Originales,https://articulo.mercadolibre.com.pe/MPE-447959653-audifonos-inalambricos-xiaomi-redmi-airdots-3-pro-originales-_JM?searchVariation=94801118900#searchVariation=94801118900&position=4&search_layout=stack&type=item&tracking_id=eecf0465-afd0-412d-b583-a4d38aea4e20,248.39
58,"Almohadillas Para Bose Qc2, Qc15, Qc25, Qc35, Ae2, Ae2i Ae2w",https://articulo.mercadolibre.com.pe/MPE-434725679-almohadillas-para-bose-qc2-qc15-qc25-qc35-ae2-ae2i-ae2w-_JM?searchVariation=72765950584#searchVariation=72765950584&position=5&search_layout=stack&type=item&tracking_id=eecf0465-afd0-412d-b583-a4d38aea4e20,57.0
59,Laptop Gamer Lenovo Legion 5 Pro Ryzen 7 Geforce Rtx 3060,https://articulo.mercadolibre.com.pe/MPE-605679526-laptop-gamer-lenovo-legion-5-pro-ryzen-7-geforce-rtx-3060-_JM?searchVariation=173993134332#searchVariation=173993134332&position=6&search_layout=stack&type=item&tracking_id=eecf0465-afd0-412d-b583-a4d38aea4e20,6699.0
60,Audio-technica Ath-m30x - Audífonos Profesionales,https://articulo.mercadolibre.com.pe/MPE-606200491-audio-technica-ath-m30x-audifonos-profesionales-_JM?searchVariation=174042689320#searchVariation=174042689320&position=7&search_layout=stack&type=item&tracking_id=eecf0465-afd0-412d-b583-a4d38aea4e20,338.0
61,Audifono Medico Sordera Intrauricular,https://click1.mercadolibre.com.pe/mclics/clicks/external/MPE/count?a=6Url7D%2BsZs8LuOPn6XL8x9EcApcJYuJXPj79stFtHJKgata92J7f24Kh1nqX6aZO5nSdXJJPF3dwpPKUlZ%2B8OcKDxFGMrmaMsZoGWTPdkX21Wf0B7eIx2wCYHzuoKYrppIC3rW0DAiYFdcHE1Em1cpqzaYVZ9tvJFuoBGCKeOL3GQ6vFI9J74wf70Z0cLB2uRGIXJCmap0PZEw4oDfp1wbkT8qtJP7vDZ6dyHvbrI6SdOSOO1kUVWQQlYRreoc0nOXxLwrWzhj9d6p4JXBD4Y0RPOkQDWe8SKvwavOPHy2I82ZEaZMJE5EK8Md3GXYevWul4XSUCWqL7GEtbEFng8Wp6OJL7HqlqRb3JallyrPTPB669R7xqAOA0gQM6M4hbz36h7IbxNpCxJ8Bo0HHTgh3UZEmfnJ7RTvLdvnE2knLFKt%2FwBx815nzOPcUeo5l5ODQvEaTCySNQgU0G2qFjMYTJnwZWnlIT3d%2FyojH1f7B%2Fx%2BF%2BmhKqtQk3ZmIhNUnXGk8cOHCVDyG99cx%2F2ftMR%2B%2BM8HRUBQsdgiywfbdkbSRbGfaEutwBuDukGTTT5tRAoELuRoMuPzsIvbhTBnCl0p48zM2uHdeaXaurcxRnVT6aFNo%2FOzk%3D&rb=x,220.0
62,Huawei Freebuds Pro Noise Cancelling Audifonos Bluetooth 5.2,https://click1.mercadolibre.com.pe/mclics/clicks/external/MPE/count?a=fzCNNidTDsQ%2FvKIdv94al2Bjc5dyJNewRakHvU0EGrDGV5Dr3EWtF01B1jBk2oy0m3hI8qu5UPpf6LOJoqFkPyhYatcW76TmNxvtw8BMtUyR2RKI6o2xbD0gV9dmSeM3c2Zg4hJKOtg%2BnbvVzSQQChLvo7GRK0Qr42mCq8oKOrhdNjY1IgZSo0hC9SZruUe1LOJ9nLioc6640dqGmK55yD81uAyKdWbMCKvFjAqz552lfnSLmWl1BDfYqQ4Vi3aKCzhsgw2EjwQZwlA6o52WA6o25rs289ec1xmu1Co7dsao5SWEqtULRubQ3MAZ9UIBY73Y1OdlNDHmy1UOp5Vs7aps7hLJDY8bQqhtjvD63fQ0GOmjeJwsvfE20TaZmNf1zqfOW5EPWn7iS0Vcy%2FjzH%2BO8l6IFpaNxuO%2FmXLCSu%2B9A13neCX0DM4YgvJURMSrp0CLI1yGBsuDpgp5SRJ16k1I6HGVHbM%2FkXREa9gHQzWamR7m3YUfxXIc9TcFpu00wl1uUkgdCdZqRF%2BOjTYO2Vnm1Q5ErosfeA03OB6tBqvBjpppUUgeWAgyTGp0r3xh8xC1BoZCp0GGa3I7fcwOeHVCrdkdgmQCFgfqTABOiOWUnhbZd%2BR%2BL6vAO%2B%2FUO%2Fv%2BYWMq2MYcGKcXiL5ky&rb=x,529.0
63,Audifonos Gamer Para Ps4 Xbox One Pc Cel Con Luces Led,https://articulo.mercadolibre.com.pe/MPE-438524880-audifonos-gamer-para-ps4-xbox-one-pc-cel-con-luces-led-_JM?searchVariation=44993956692#searchVariation=44993956692&position=10&search_layout=stack&type=item&tracking_id=eecf0465-afd0-412d-b583-a4d38aea4e20,58.41
64,Audífono Bluetooth 5.0  Con Orejas Led Tipo Gato,https://articulo.mercadolibre.com.pe/MPE-601359014-audifono-bluetooth-50-con-orejas-led-tipo-gato-_JM?searchVariation=173690540136#searchVariation=173690540136&position=11&search_layout=stack&type=item&tracking_id=eecf0465-afd0-412d-b583-a4d38aea4e20,49.0
65,Audífonos Inalámbricos Wf-xb700 Con Extra Bass,https://articulo.mercadolibre.com.pe/MPE-441008202-audifonos-inalambricos-wf-xb700-con-extra-bass-_JM?searchVariation=62750664120#searchVariation=62750664120&position=12&search_layout=stack&type=item&tracking_id=eecf0465-afd0-412d-b583-a4d38aea4e20,349.0
66,"Apple Earpods Auriculares Original 100% iPhone 4, 5, Se, 6.",https://articulo.mercadolibre.com.pe/MPE-442429879-apple-earpods-auriculares-original-100-iphone-4-5-se-6-_JM?searchVariation=71237595364#searchVariation=71237595364&position=13&search_layout=stack&type=item&tracking_id=eecf0465-afd0-412d-b583-a4d38aea4e20,70.31
67,"Cable Trenzado Micro Para Audífonos Kz Zsx, Zsn Pro,zs10 Pro",https://articulo.mercadolibre.com.pe/MPE-441102166-cable-trenzado-micro-para-audifonos-kz-zsx-zsn-prozs10-pro-_JM?searchVariation=63490137379#searchVariation=63490137379&position=14&search_layout=stack&type=item&tracking_id=eecf0465-afd0-412d-b583-a4d38aea4e20,39.99
68,Audífono C/m Razer Blackshark V2 Pro Wireless Hyperspeed Thx,https://articulo.mercadolibre.com.pe/MPE-442074659-audifono-cm-razer-blackshark-v2-pro-wireless-hyperspeed-thx-_JM?searchVariation=69062494651#searchVariation=69062494651&position=15&search_layout=stack&type=item&tracking_id=eecf0465-afd0-412d-b583-a4d38aea4e20,629.0
69,Audífonos Redmi Buds 3 Pro,https://articulo.mercadolibre.com.pe/MPE-604379171-audifonos-redmi-buds-3-pro-_JM?searchVariation=173901659104#searchVariation=173901659104&position=16&search_layout=stack&type=item&tracking_id=eecf0465-afd0-412d-b583-a4d38aea4e20,289.0
70,Audífonos Samsung Akg Usb C Original @ Galaxy S21 Plus Ultra,https://articulo.mercadolibre.com.pe/MPE-442916557-audifonos-samsung-akg-usb-c-original-galaxy-s21-plus-ultra-_JM?searchVariation=73791810309#searchVariation=73791810309&position=17&search_layout=stack&type=item&tracking_id=eecf0465-afd0-412d-b583-a4d38aea4e20,139.0
71,Logitech G Pro X C/micro Blue Ps4/pc/celular,https://articulo.mercadolibre.com.pe/MPE-440551675-logitech-g-pro-x-cmicro-blue-ps4pccelular-_JM?searchVariation=60046436911#searchVariation=60046436911&position=18&search_layout=stack&type=item&tracking_id=eecf0465-afd0-412d-b583-a4d38aea4e20,459.9
72,Sony Audifonos Bluetooth Nfc 20 Horas C400 ,https://articulo.mercadolibre.com.pe/MPE-439664761-sony-audifonos-bluetooth-nfc-20-horas-c400-_JM?searchVariation=52339795862#searchVariation=52339795862&position=19&search_layout=stack&type=item&tracking_id=eecf0465-afd0-412d-b583-a4d38aea4e20,179.0
73,Lenovo Ideapad 5 - Ryzen 5 - 8gb - 256 Gb Ssd -graphite Grey,https://articulo.mercadolibre.com.pe/MPE-607038200-lenovo-ideapad-5-ryzen-5-8gb-256-gb-ssd-graphite-grey-_JM?searchVariation=174126018613#searchVariation=174126018613&position=20&search_layout=stack&type=item&tracking_id=eecf0465-afd0-412d-b583-a4d38aea4e20,2249.0
74,Kz Edx Pro Dual Magnetic -hifi Version Mejorada,https://articulo.mercadolibre.com.pe/MPE-602689519-kz-edx-pro-dual-magnetic-hifi-version-mejorada-_JM?searchVariation=173797869489#searchVariation=173797869489&position=21&search_layout=stack&type=item&tracking_id=eecf0465-afd0-412d-b583-a4d38aea4e20,79.0
75,Xiaomi Flipbuds Pro - Auriculares Inalámbricos Original,https://articulo.mercadolibre.com.pe/MPE-447792312-xiaomi-flipbuds-pro-auriculares-inalambricos-original-_JM?searchVariation=93267539734#searchVariation=93267539734&position=22&search_layout=stack&type=item&tracking_id=eecf0465-afd0-412d-b583-a4d38aea4e20,599.0
76,Razer Base Station V2 Chroma Para Audífonos C/ Usb 3.1 Hub,https://articulo.mercadolibre.com.pe/MPE-442362392-razer-base-station-v2-chroma-para-audifonos-c-usb-31-hub-_JM?searchVariation=70742614845#searchVariation=70742614845&position=23&search_layout=stack&type=item&tracking_id=eecf0465-afd0-412d-b583-a4d38aea4e20,279.0
77,Almohadillas Para Audífono Skullcandy Crusher Y Para Hesh,https://articulo.mercadolibre.com.pe/MPE-440552674-almohadillas-para-audifono-skullcandy-crusher-y-para-hesh-_JM?searchVariation=174133011217#searchVariation=174133011217&position=24&search_layout=stack&type=item&tracking_id=eecf0465-afd0-412d-b583-a4d38aea4e20,45.99
78,Audifono Handsfree Buena Calidad - Envíos,https://articulo.mercadolibre.com.pe/MPE-440867775-audifono-handsfree-buena-calidad-envios-_JM?searchVariation=61779130104#searchVariation=61779130104&position=25&search_layout=stack&type=item&tracking_id=eecf0465-afd0-412d-b583-a4d38aea4e20,3.5
79,Audifonos Skullcandy Bluetooth Jib Plus Supreme Sound,https://articulo.mercadolibre.com.pe/MPE-436570794-audifonos-skullcandy-bluetooth-jib-plus-supreme-sound-_JM?searchVariation=174019890113#searchVariation=174019890113&position=26&search_layout=stack&type=item&tracking_id=eecf0465-afd0-412d-b583-a4d38aea4e20,79.0
80,Audífono C/microf. Razer Hammerhead True Wireless 2da Gen.,https://articulo.mercadolibre.com.pe/MPE-604847886-audifono-cmicrof-razer-hammerhead-true-wireless-2da-gen-_JM?searchVariation=174366185995#searchVariation=174366185995&position=27&search_layout=stack&type=item&tracking_id=eecf0465-afd0-412d-b583-a4d38aea4e20,499.0
81,Audifono Sennheiser Hd 458bt Edición Limitada ,https://articulo.mercadolibre.com.pe/MPE-442225917-audifono-sennheiser-hd-458bt-edicion-limitada-_JM?searchVariation=69924967535#searchVariation=69924967535&position=28&search_layout=stack&type=item&tracking_id=eecf0465-afd0-412d-b583-a4d38aea4e20,449.0
82,Auricular Xiaomi Mi Dual Motion Sdqej06wm Original,https://articulo.mercadolibre.com.pe/MPE-447565445-auricular-xiaomi-mi-dual-motion-sdqej06wm-original-_JM?searchVariation=92332287794#searchVariation=92332287794&position=29&search_layout=stack&type=item&tracking_id=eecf0465-afd0-412d-b583-a4d38aea4e20,50.0
83,Jbl Tune 510bt Audifonos Bluetooth 5.0 Pure Bass Sound 40hrs,https://click1.mercadolibre.com.pe/mclics/clicks/external/MPE/count?a=Go6PrltJlY2HM9Jn9lQgxnx9aWxRAVMl3S92XybcoVGYlFiDrjQhKzHmmfggBa14FfYA%2FPgR%2BIpbI8QbgDjHSuOAN7wnvedxtn6CpD8k8OIrPEA9kLDq%2BIjL16kabWQ%2BGI3KXzp14zMhf1wsi42hddzjInDeQYd8pGWclV2t45C0N886Fbxdzma8v8v3enkyxeh8uR9d4SXcysl3oKk6OKwmqg9S8%2BgqI6k1Hwt3OmHbG5NiafALkynjcMscTofIqQXRBChBk%2F4hB3y%2FOMD0TtXhXMo3QauOOdeWOXVvcyonhUlh8vcC2Oa3QOgpaoElYb0hEZbGDa3eUuqF1sAS5SRxUlFF3yT8bzkqdZ5u3nVCcQGS1nn%2Bb5qFuCoxCAp6T9RPiwttdKzgacyE0hAXBNig9XijzewwVQMisHx9CEeZvLzvt9yRYuCuA3ge6oVF29QTU6GOwr3RhjFZBb3LDPqmYZD%2FZhbkT5t9ZX9rIySsnxAS%2F9DJyA5gqGeW4Q1RH54OviWs73Ppx9XUJt%2BtJ1CJWCqfOH8%2BsVT42Jz2sgOb7TxZpVgtRcVePL%2BwELRsZmSH0UcBRRNZ8McbxlgHaSnPgFgGyjbXKjNhxsz9TajE4Q9513NRdZioECGKpuZ5oqqzfT9HJYrosSel%2Fs4%3D&rb=x,164.43
84,Audifono Ortopedico Recargable  Sordera 30x. Envio Gratis.,https://click1.mercadolibre.com.pe/mclics/clicks/external/MPE/count?a=U06tuu4Nq3XD%2FekY2I5p5hIQWPIhuXsFZvj%2FP%2FohBvY6p35iFEfiG9uG0Ad3vHwDrghx%2FBXlDZDS0Kq6Vq%2FV5cmDcZrCqg6qgI3a3G3z1k%2Fve6fsKBXNYwOpgYVyNeXEdkykaJ1lC6pmiCWPNqkDq6%2FW4%2B4%2F9ONI4Sl4jRf%2B3Lh20%2F3eWBvyxCSDGhQaYeTTCHTZTJUKAlmeGvBEAHRzK2ZdjUb7WBKnGORI3V2q5i7HFDZiHodHogLO76ybk4wwBHBakdT3nXZ6itiXgnECGSLSXmSbR9K6BKikSo0J9P8Fwuia7JgYjrPQSbM3WHFyGKmfWmqsxcSq33tAyKn4wmt53%2BJo192r9qO4U1jySpfd8Vg%2BA9R02nBFIHqu4zEk9CO1XDusgMH1oShjTJFHMu8YTUXU2IM8%2BawRvks8NRZq7GFwEYm66xcusWT9W75w3C29cqGFneWkmZTMYZCBI8tc3rlkbEM%2FXJ%2FFEltAlutMdFA%2FehxnDPvHlyJZ8MuZ49p2qN0JV0xPyh6CwAhMp3Vak3cN9QKrYeaud5Y2OcUlR3y%2BCOcXoBVt2vkqMqvoun0VgOh%2FE5CsUMkAFwODssO5M2iavrXzxh8D4PXBjjyPRoS6BAaQtwaKhXedSJ3K3Isr8m%2BklKHrVQ%3D%3D&rb=x,190.0
85,"Laptop Huawei Matebook D15 I5 8gb Ram, 512gb Ssd + Regalos",https://articulo.mercadolibre.com.pe/MPE-607826617-laptop-huawei-matebook-d15-i5-8gb-ram-512gb-ssd-regalos-_JM?searchVariation=174184861108#searchVariation=174184861108&position=32&search_layout=stack&type=item&tracking_id=eecf0465-afd0-412d-b583-a4d38aea4e20,2599.0
86,Philips Audifonos Bluetooth 5.0 Extra Bass Tah-4205,https://articulo.mercadolibre.com.pe/MPE-605142720-philips-audifonos-bluetooth-50-extra-bass-tah-4205-_JM?searchVariation=173961562557#searchVariation=173961562557&position=33&search_layout=stack&type=item&tracking_id=eecf0465-afd0-412d-b583-a4d38aea4e20,149.0
87,Auriculares Astro Gaming A50  Wireless + Base | Ps4 / Pc,https://articulo.mercadolibre.com.pe/MPE-445989004-auriculares-astro-gaming-a50-wireless-base-ps4-pc-_JM?searchVariation=86770512940#searchVariation=86770512940&position=34&search_layout=stack&type=item&tracking_id=eecf0465-afd0-412d-b583-a4d38aea4e20,1050.0
88,Audifonos Apple AirPods Max Nuevos Sellados + Tienda,https://articulo.mercadolibre.com.pe/MPE-444960310-audifonos-apple-airpods-max-nuevos-sellados-tienda-_JM?searchVariation=174468762647#searchVariation=174468762647&position=35&search_layout=stack&type=item&tracking_id=eecf0465-afd0-412d-b583-a4d38aea4e20,2399.0
89,Lenovo Audifonos Bluetooth 5.0 Tactil True Wireless Xt90,https://articulo.mercadolibre.com.pe/MPE-446557113-lenovo-audifonos-bluetooth-50-tactil-true-wireless-xt90-_JM?searchVariation=88904699331#searchVariation=88904699331&position=36&search_layout=stack&type=item&tracking_id=eecf0465-afd0-412d-b583-a4d38aea4e20,89.0
90,Auriculares Gamer Logitech G435 Lightspeed Y Bluetooth Negro,https://articulo.mercadolibre.com.pe/MPE-606973196-auriculares-gamer-logitech-g435-lightspeed-y-bluetooth-negro-_JM?searchVariation=174159528473#searchVariation=174159528473&position=37&search_layout=stack&type=item&tracking_id=eecf0465-afd0-412d-b583-a4d38aea4e20,315.0
91,Auriculares Inalámbricos Sony Pulse 3d Ps5,https://articulo.mercadolibre.com.pe/MPE-444341200-auriculares-inalambricos-sony-pulse-3d-ps5-_JM?searchVariation=79443361442#searchVariation=79443361442&position=38&search_layout=stack&type=item&tracking_id=eecf0465-afd0-412d-b583-a4d38aea4e20,465.0
92,Audífonos Bluetooth M19 Con Micrófono + Powerbank + Linterna,https://articulo.mercadolibre.com.pe/MPE-444116023-audifonos-bluetooth-m19-con-microfono-powerbank-linterna-_JM?searchVariation=92816617545#searchVariation=92816617545&position=39&search_layout=stack&type=item&tracking_id=eecf0465-afd0-412d-b583-a4d38aea4e20,85.0
93,Sony Audífonos Internos Mdr-ex110ap,https://articulo.mercadolibre.com.pe/MPE-438540633-sony-audifonos-internos-mdr-ex110ap-_JM?searchVariation=45120140322#searchVariation=45120140322&position=40&search_layout=stack&type=item&tracking_id=eecf0465-afd0-412d-b583-a4d38aea4e20,69.0
94,Audifono C/microf. Razer Kraken Ultimate Chroma,https://articulo.mercadolibre.com.pe/MPE-439982230-audifono-cmicrof-razer-kraken-ultimate-chroma-_JM?searchVariation=174364262198#searchVariation=174364262198&position=41&search_layout=stack&type=item&tracking_id=eecf0465-afd0-412d-b583-a4d38aea4e20,380.0
95,Audifonos Original Lenovo 2021 Apple Samsung Huawei Xiaomi,https://articulo.mercadolibre.com.pe/MPE-445524891-audifonos-original-lenovo-2021-apple-samsung-huawei-xiaomi-_JM?searchVariation=84588470672#searchVariation=84588470672&position=42&search_layout=stack&type=item&tracking_id=eecf0465-afd0-412d-b583-a4d38aea4e20,78.76
96,Lenovo Gamer Audifonos Bluetooth Tws Touch Universal Hq08 ,https://articulo.mercadolibre.com.pe/MPE-600381017-lenovo-gamer-audifonos-bluetooth-tws-touch-universal-hq08-_JM?searchVariation=173576481533#searchVariation=173576481533&position=43&search_layout=stack&type=item&tracking_id=eecf0465-afd0-412d-b583-a4d38aea4e20,129.0
97,"Monitor Asus Tuf Gaming Vg24vq Curvo 23.8, 144hz, 1ms",https://articulo.mercadolibre.com.pe/MPE-606524783-monitor-asus-tuf-gaming-vg24vq-curvo-238-144hz-1ms-_JM?searchVariation=174071361760#searchVariation=174071361760&position=44&search_layout=stack&type=item&tracking_id=eecf0465-afd0-412d-b583-a4d38aea4e20,1080.0
98,Jbl Audifonos Bluetooth 5.0 Pure Bass Sound 40hrs T510bt ,https://articulo.mercadolibre.com.pe/MPE-447985425-jbl-audifonos-bluetooth-50-pure-bass-sound-40hrs-t510bt-_JM?searchVariation=173841800548#searchVariation=173841800548&position=45&search_layout=stack&type=item&tracking_id=eecf0465-afd0-412d-b583-a4d38aea4e20,159.0
99,Audifonos Huawei Honor X1 Tws Originales Modelo AirPods Pro ,https://articulo.mercadolibre.com.pe/MPE-441206888-audifonos-huawei-honor-x1-tws-originales-modelo-airpods-pro-_JM?searchVariation=64193893872#searchVariation=64193893872&position=46&search_layout=stack&type=item&tracking_id=eecf0465-afd0-412d-b583-a4d38aea4e20,129.0
100,Audífono C/microf. Razer Blackshark V2 C/usb Sound Card Thx,https://articulo.mercadolibre.com.pe/MPE-440946837-audifono-cmicrof-razer-blackshark-v2-cusb-sound-card-thx-_JM?searchVariation=62332240708#searchVariation=62332240708&position=47&search_layout=stack&type=item&tracking_id=eecf0465-afd0-412d-b583-a4d38aea4e20,349.0
101,Audífono Sennheiser Momentum True Wireless 2 Negro,https://articulo.mercadolibre.com.pe/MPE-440930837-audifono-sennheiser-momentum-true-wireless-2-negro-_JM?searchVariation=62226075021#searchVariation=62226075021&position=48&search_layout=stack&type=item&tracking_id=eecf0465-afd0-412d-b583-a4d38aea4e20,1099.0
102,Audífonos Earpods Lightning Apple Original iPhone 12 13 Pro,https://articulo.mercadolibre.com.pe/MPE-609594229-audifonos-earpods-lightning-apple-original-iphone-12-13-pro-_JM?searchVariation=174309816858#searchVariation=174309816858&position=49&search_layout=stack&type=item&tracking_id=eecf0465-afd0-412d-b583-a4d38aea4e20,109.9
103,Jbl Audifonos Bluetooth 5.2 Wave 300 True Wireless 26h,https://articulo.mercadolibre.com.pe/MPE-605206933-jbl-audifonos-bluetooth-52-wave-300-true-wireless-26h-_JM?searchVariation=173961136799#searchVariation=173961136799&position=50&search_layout=stack&type=item&tracking_id=eecf0465-afd0-412d-b583-a4d38aea4e20,280.0
104,Headset Gamer Logitech G Pro X Wireless - Lightspeed,https://articulo.mercadolibre.com.pe/MPE-441863735-headset-gamer-logitech-g-pro-x-wireless-lightspeed-_JM?searchVariation=67349600884#searchVariation=67349600884&position=51&search_layout=stack&type=item&tracking_id=eecf0465-afd0-412d-b583-a4d38aea4e20,699.9
105,Audífonos Sony Tipo Banda Para La Cabeza Mdr-zx110,https://articulo.mercadolibre.com.pe/MPE-438535002-audifonos-sony-tipo-banda-para-la-cabeza-mdr-zx110-_JM?searchVariation=45080814281#searchVariation=45080814281&position=52&search_layout=stack&type=item&tracking_id=eecf0465-afd0-412d-b583-a4d38aea4e20,49.0
106,Audifonos Xiaomi Redmi Buds 3 Pro Airdots Originales ,https://articulo.mercadolibre.com.pe/MPE-606065680-audifonos-xiaomi-redmi-buds-3-pro-airdots-originales-_JM?searchVariation=174033657798#searchVariation=174033657798&position=53&search_layout=stack&type=item&tracking_id=eecf0465-afd0-412d-b583-a4d38aea4e20,279.0
107,Lenovo Audifonos Gaming Bluetooth 5.1 True Wireless Tws Led,https://articulo.mercadolibre.com.pe/MPE-603703748-lenovo-audifonos-gaming-bluetooth-51-true-wireless-tws-led-_JM?searchVariation=173857476330#searchVariation=173857476330&position=54&search_layout=stack&type=item&tracking_id=eecf0465-afd0-412d-b583-a4d38aea4e20,99.0
108,Audífono C/microf. Razer Kraken Multi-platform Quartz (2019),https://articulo.mercadolibre.com.pe/MPE-440322181-audifono-cmicrof-razer-kraken-multi-platform-quartz-2019-_JM?searchVariation=174333695321#searchVariation=174333695321&position=55&search_layout=stack&type=item&tracking_id=eecf0465-afd0-412d-b583-a4d38aea4e20,250.0
109,"Audífonos Earpods Apple iPhone 11, 12, X, 8, 7 Lightning",https://click1.mercadolibre.com.pe/mclics/clicks/external/MPE/count?a=ZpDe%2BId9Il85mdfiZhNvEkhkP1Qrr3DCnHEUsRL2XDIzQxXq0AEDZb%2FH4dDJtgNmnpTFue%2F4WkQOb1S9A9fPXf3PVHwUfVeWfqoE01fUnZD5KkeJk%2FCqRfbZ5CIEa8KMZJ3jUuBCgaHmw9NpTNVDtcZV1Wf6%2BB52sI3TdhnY%2FS%2FePvOrfBy77Bu8A9mL2Yem7MhJtll8l3vtE1fOdjhgjIzPfWfRfHzvQqpGZbhl201Bh07dg%2BtFfAODUmh7hVh7iDZU9o80uYie89TlI7Z9beXqeGfNi0JgQBgulyB%2FBQCwwBVaps%2F92adCRVkzvwo6%2B3t1EGtIC%2BCoDXdQEPcg9A7sPqEObHzCKgscekOeELNq9x3%2FzXrEF0qX%2FLTctrxwKdfI5WGay92h5hDa%2BdRMnYAOczzxNz7f12ftyLkSxJF0ZwnuX6Rl9oJKDsZqk8Ha8tvAqIT1Z8YkvA7zIqq9P8Ebrkxr8lGkuFNKYelwSVaHFDYhQ0v6m6Qgi4bWAdqWRcKFj973ZZWVIIgsCoNLsfUhWn99A1Lz1MJtaWhVEQfgTGE%2BOP6FujYlkp3yX7QAteicXfGPyicvbhcuIW4qXMRHVBxwy37l6e0lNmnMQhYb0G5O%2FQ%2FOYSaj9m9KByJlL6CAKQ%3D%3D&rb=x,113.05
110,Auriculares Gamer Logitech G Pro X Blue Voice,https://click1.mercadolibre.com.pe/mclics/clicks/external/MPE/count?a=Yx9bD9ZIwvMktswZB%2BOnQ3tGN3V26AUKz0xY2vnGA%2FqhHJEx5oOcgGAI1foW0hW91PWNmjGX4iZfSi%2BuInqgKdV3wwCwmBLoW%2BnylSJCH5yI4vNTGxzTtcStR5xVWQtDgLDZzQeASDBItmjstqdJu4vm1DicF%2Fso0LCvKjNRboCibRS0Zilz5Z0uD%2FZh0NwDtNMuWv8TCfFxdMiswsRAzNeEGeWmKima2Pcu%2FAuUiN4%2FhE3%2Fg17NcOZHVuE%2Fcd2S46yT0WaEMY7296wXt0tGp9L%2FEZG4uhlfaNBRzKClsfQutksoLZyMgmRDkTSigwYOG7ZdB86n919JOn2KHqFOCk8vCTcNDsY7u0XdLljeJjMTtklm2WH4KO%2FiCplizRVrfwvp6gsK9vBfGPr%2FEuiRBbzjo7g8QIm8jXX%2FLJ7hFmvIymRnlDoMD8FK2fHO4N2N4%2F2G0PtyC0nHfGkKpRT0eq%2FVfDUHOH2eFv%2FVtaCKAimPlPMYWLmwyywqJY7F6GvvCsEvOqkwFEZDDJhEg0So9aVS5j2AgdELAJsyPEoBie0oRekbY74BlriqIkVBPY%2Ft83lDSr%2BGQdupSPnUaOq5NCqB51YrCNQ0dSLKibH2nlNoaRak2R%2FNkCgYnO4%3D&rb=x,449.0
111,Macbook Pro 14 Chip M1 Pro 512gb Ssd 16 Gb Ram 2021 Ingles,https://articulo.mercadolibre.com.pe/MPE-603729560-macbook-pro-14-chip-m1-pro-512gb-ssd-16-gb-ram-2021-ingles-_JM#position=3&search_layout=stack&type=item&tracking_id=8a1d9195-c3a1-4b6a-a964-7cf32ba2ee5b,9999.0
112,Audifonos Sony Con Microfono Extra Bass Ex-15ap Universal,https://articulo.mercadolibre.com.pe/MPE-440512778-audifonos-sony-con-microfono-extra-bass-ex-15ap-universal-_JM#position=4&search_layout=stack&type=item&tracking_id=8a1d9195-c3a1-4b6a-a964-7cf32ba2ee5b,39.0
113,Xiaomi Audífonos Inalámbricos Bluetooth Redmi Airdots 3 Real,https://articulo.mercadolibre.com.pe/MPE-447191121-xiaomi-audifonos-inalambricos-bluetooth-redmi-airdots-3-real-_JM#position=5&search_layout=stack&type=item&tracking_id=8a1d9195-c3a1-4b6a-a964-7cf32ba2ee5b,199.0
114,Audífono C/microf. Razer Kraken X Usb Black,https://articulo.mercadolibre.com.pe/MPE-440271649-audifono-cmicrof-razer-kraken-x-usb-black-_JM#position=6&search_layout=stack&type=item&tracking_id=8a1d9195-c3a1-4b6a-a964-7cf32ba2ee5b,209.0
115,Audífonos Internos Inalámbricos Con Extra Bass Wi-xb400,https://articulo.mercadolibre.com.pe/MPE-440699974-audifonos-internos-inalambricos-con-extra-bass-wi-xb400-_JM#position=7&search_layout=stack&type=item&tracking_id=8a1d9195-c3a1-4b6a-a964-7cf32ba2ee5b,199.0
116,Audífono In Ear Trn Mt1 Hi-fi  Dinámicos  Micrófono Calidad,https://click1.mercadolibre.com.pe/mclics/clicks/external/MPE/count?a=wzg5OHC6Bvgk0Ao%2FFcKv%2B63NnQZogOeKMiPfFigVx5tVOOs6hSy%2B8MSX3zSt%2FH7dpIAC0UL6QZwM7o80DwUsdl8ZtQ75kctkFobXLNbCBS8rEazlHngRb32npNeTwwNpUh38XEz%2BTH3t6InjcGVVqiI7U009R0ZWk1jMB9EDAVhPIHl9pIFEEEFBLWaK39TtAPfasoiIWQkaSj7WUR46WkWTHOiI1syOgA17HLm0QQtw2I1nkLLXquTNafLndmeOqBxk6zDSNjLZgIE55%2BnkafWv7yiz%2BMI%2BxWFAkHRXy0bCwNamwrQKQ5SIGhkziIuWcLg%2BxbdAjk%2FQ3kgi5nxgCwFVTp%2BUx9Ah8561tQNHwm5v6lxc07qYc356A0VdsB7d9L%2FStOO237W0bCnZdBmnAuvLb0xRmLsAG8%2FqLPWoftgFhPcMjPOWaDz9GAjP3K3G0neGBu0RjKke4RiLuLJk2QNR57wx1OQOzmoce6WnDTrOrInJMpa0vEyDMHFz2YOifzPtJYf3DoPUOG8ZaKi31W%2FO%2BO8T88LblwK2Om4n%2FHSMo%2F49MZO51ZXGfoIP9MwAcNhbScD40%2BmvvUJ0u8dLA0qaZirHjiEarLBkx5ZAbMBJ7IAMlm3o7zeE7ucer47FIcvngVn9UnIM&rb=x,39.33
117,"Apple Earpods Auriculares Original 100% iPhone 4, 5, Se, 6.",https://click1.mercadolibre.com.pe/mclics/clicks/external/MPE/count?a=d0f0WOdLXbeUY751zEqPsmNY9WPNLjdTFFclW3SE0TrI5dZLJtteO84PReru4gBxBBIuiVaaDy2Lo%2B5VuRwy2WqPkkJDEzqWsiP%2FAmUkJdaNET0u4qtpy1eB2E4u6pfZPbhURYMse3SaZwqng48ZobbyqMIOFi7k%2FK7SC7Dj43UKAJp7vJUV8EQE8%2Bvjkwei%2FfLmCRqqeAIwx7bx2dM9RkVU1zCpTlrczdjBhquNnWxWiJGmIZoDJLQlvpmM7st2vxi%2FhgNnVw9kDCQ1Rq4vk3tIxdnOgJGue4QO2zZyxDdTYuKRAcZszTuH%2BQvp%2F93J5zXppEpjoXgMZTWX5zgjiEZ86fuEprUp%2FF%2FUV%2FusWmvKGxUrDf5Egl97mb0nEH1lFxms1JxN5I2Rs0fTg9QTZ97ylFWwXjFpevGXNyW3IWZO96UQ3r%2BvQxrOY9kPf28gPRRTf5rAoSFbSIU%2F4hBwPyUeD9c6HwcQNmWlNyR1Rozs6VlMmEMlvry7iw1YnvGRQdzIlgUbRtcMXOjiBhvV4Z03ONBtESDHHY%2FkdbbnOE6sGO1OURQRX7fzucRZG6ApZ2zc9TboNHtijurnVj7M%2FcZ5LhdNgIxsQh2T8g9vaUkou5dZy5BWxfeGCbFuEb%2BCDWin%2B3Tf&rb=x,70.31
118,Audífono Inalámbrico Bluetooth Handsfree New Bee,https://articulo.mercadolibre.com.pe/MPE-439006889-audifono-inalambrico-bluetooth-handsfree-new-bee-_JM#position=10&search_layout=stack&type=item&tracking_id=8a1d9195-c3a1-4b6a-a964-7cf32ba2ee5b,78.0
119,Jbl Tune 230nc Audifonos Bluetooth 5.2 Tws 40h Pure Bass,https://articulo.mercadolibre.com.pe/MPE-607824986-jbl-tune-230nc-audifonos-bluetooth-52-tws-40h-pure-bass-_JM#position=11&search_layout=stack&type=item&tracking_id=8a1d9195-c3a1-4b6a-a964-7cf32ba2ee5b,368.0
120,Audífono C/microf. Razer Kraken X Mercury,https://articulo.mercadolibre.com.pe/MPE-445325436-audifono-cmicrof-razer-kraken-x-mercury-_JM#position=12&search_layout=stack&type=item&tracking_id=8a1d9195-c3a1-4b6a-a964-7cf32ba2ee5b,164.0
121,Audio-technica Ath-m20x - Audífonos Profesionales,https://articulo.mercadolibre.com.pe/MPE-606226486-audio-technica-ath-m20x-audifonos-profesionales-_JM#position=13&search_layout=stack&type=item&tracking_id=8a1d9195-c3a1-4b6a-a964-7cf32ba2ee5b,224.0
122,Audifonos Bluetooth Haylou Gt5 De Baja Latencia Modo Gaming,https://articulo.mercadolibre.com.pe/MPE-600945466-audifonos-bluetooth-haylou-gt5-de-baja-latencia-modo-gaming-_JM#position=14&search_layout=stack&type=item&tracking_id=8a1d9195-c3a1-4b6a-a964-7cf32ba2ee5b,108.0
123,Almohadilla Para Skullcandy Crusher Y Hesh ,https://articulo.mercadolibre.com.pe/MPE-607077089-almohadilla-para-skullcandy-crusher-y-hesh-_JM#position=15&search_layout=stack&type=item&tracking_id=8a1d9195-c3a1-4b6a-a964-7cf32ba2ee5b,45.99
124,Auriculares Logitech G733 Rgb Wirelees Con Blue Voice,https://articulo.mercadolibre.com.pe/MPE-447396111-auriculares-logitech-g733-rgb-wirelees-con-blue-voice-_JM#position=16&search_layout=stack&type=item&tracking_id=8a1d9195-c3a1-4b6a-a964-7cf32ba2ee5b,619.8
125,Xiaomi Redmi Buds 3 Pro Audifonos Originales,https://articulo.mercadolibre.com.pe/MPE-608611072-xiaomi-redmi-buds-3-pro-audifonos-originales-_JM#position=17&search_layout=stack&type=item&tracking_id=8a1d9195-c3a1-4b6a-a964-7cf32ba2ee5b,265.0
126,Auriculares Inalámbricos Sony Pulse 3d Ps5,https://articulo.mercadolibre.com.pe/MPE-447846035-auriculares-inalambricos-sony-pulse-3d-ps5-_JM#position=18&search_layout=stack&type=item&tracking_id=8a1d9195-c3a1-4b6a-a964-7cf32ba2ee5b,424.9
127,Audifono Ortopedico Recargable  Sordera 30x. Envio Gratis.,https://articulo.mercadolibre.com.pe/MPE-444337186-audifono-ortopedico-recargable-sordera-30x-envio-gratis-_JM#position=19&search_layout=stack&type=item&tracking_id=8a1d9195-c3a1-4b6a-a964-7cf32ba2ee5b,190.0
128,Audífonos Inalámbricos Con Noise Cancelling  Wh-ch710n,https://articulo.mercadolibre.com.pe/MPE-441106247-audifonos-inalambricos-con-noise-cancelling-wh-ch710n-_JM#position=20&search_layout=stack&type=item&tracking_id=8a1d9195-c3a1-4b6a-a964-7cf32ba2ee5b,379.0
129,"Haylou W1 Audifonos Bluetooth 5,2 +qualcomm 3040 Aptx Stereo",https://articulo.mercadolibre.com.pe/MPE-446983810-haylou-w1-audifonos-bluetooth-52-qualcomm-3040-aptx-stereo-_JM#position=21&search_layout=stack&type=item&tracking_id=8a1d9195-c3a1-4b6a-a964-7cf32ba2ee5b,160.99
130,Audífonos Gamer Redragon Zeus X H510-rgb 7.1 Virtual,https://articulo.mercadolibre.com.pe/MPE-602609297-audifonos-gamer-redragon-zeus-x-h510-rgb-71-virtual-_JM#position=22&search_layout=stack&type=item&tracking_id=8a1d9195-c3a1-4b6a-a964-7cf32ba2ee5b,249.0
131,Audifonos Mini Bluetooth 5.0 True Tws Ipx4 Skullcandy Dime,https://articulo.mercadolibre.com.pe/MPE-447200605-audifonos-mini-bluetooth-50-true-tws-ipx4-skullcandy-dime-_JM#position=23&search_layout=stack&type=item&tracking_id=8a1d9195-c3a1-4b6a-a964-7cf32ba2ee5b,139.0
132,Audifonos Apple AirPods 3 Original 2021 | Envio Express,https://articulo.mercadolibre.com.pe/MPE-605075130-audifonos-apple-airpods-3-original-2021-envio-express-_JM#position=24&search_layout=stack&type=item&tracking_id=8a1d9195-c3a1-4b6a-a964-7cf32ba2ee5b,854.1
133,Jbl Audifonos Con Microfono Extra Bass Universal C50hi,https://articulo.mercadolibre.com.pe/MPE-601754821-jbl-audifonos-con-microfono-extra-bass-universal-c50hi-_JM#position=25&search_layout=stack&type=item&tracking_id=8a1d9195-c3a1-4b6a-a964-7cf32ba2ee5b,39.0
134,Auriculares Gamer Redragon Lamia H320rgb 7.1 ,https://articulo.mercadolibre.com.pe/MPE-438793593-auriculares-gamer-redragon-lamia-h320rgb-71-_JM#position=26&search_layout=stack&type=item&tracking_id=8a1d9195-c3a1-4b6a-a964-7cf32ba2ee5b,169.0
135,Almohadillas Para Skullcandy Uproar,https://articulo.mercadolibre.com.pe/MPE-600265205-almohadillas-para-skullcandy-uproar-_JM#position=27&search_layout=stack&type=item&tracking_id=8a1d9195-c3a1-4b6a-a964-7cf32ba2ee5b,32.8
136,Audifono Samsung Akg Type-c Earphones Original S21 S21 Plus,https://articulo.mercadolibre.com.pe/MPE-609053453-audifono-samsung-akg-type-c-earphones-original-s21-s21-plus-_JM#position=28&search_layout=stack&type=item&tracking_id=8a1d9195-c3a1-4b6a-a964-7cf32ba2ee5b,115.0
137,Audífonos Logitech G333 Vr K/da League Of Legends,https://articulo.mercadolibre.com.pe/MPE-447741319-audifonos-logitech-g333-vr-kda-league-of-legends-_JM#position=29&search_layout=stack&type=item&tracking_id=8a1d9195-c3a1-4b6a-a964-7cf32ba2ee5b,169.9
138,Audio-technica Ath-m20x - Audífonos Profesionales,https://click1.mercadolibre.com.pe/mclics/clicks/external/MPE/count?a=tKd7fsYCREwPcudOlE6DHQhiUn37unQQzuCU4JYqLMHUFlb%2BaVqFciHm7e4TKU0%2BeSSSKwIADbUIkFonH8B%2BsPY3qRdzJoTqcWTTCHRCe08rk4gF1kTimjlqvcMwQUvj12uhkEaa1Nlhq51k%2BAG8pEMatscmvDKuOeAAFoamOCpfVHLpBdlRfhozXJxFfILFKrm3zaTHYq86%2F%2BGsfZhcgeutAHk2XxuTzyMKraW8TXpHBqwXff7huEyINZt2SWXvEBLXQOjfOSgKL8dPTCnf8Kwyp5usi6tuoqG5uSXQ3QH5LeITOpxiUvhGaUUJtkedJRsMORag5%2FJ27w4YdOjja6lEGk4acBOlcKuJ7LZAAaVA8zIbbOabdtU8bw4TJYEuANYwLOv6auVVSkhYEll%2BosMO4%2F%2FJnOsmQXvpm8gsipbW2YcE2Bxs3lmKRah9SAx0Pi8fpgxQc%2FRZrrpge5b6k2OBMulKjIv1tD0MKKyDs6uJfdHnGErs4JTvTu0ml4wINh1YQvkwxvbNoX9Jzvm7NAKIP0XZZz095ib9qU0e75WU2Azd4W15FOS22dxnhw1AZrMdbPoJb%2BBlVbkGIXfRVa%2BcT%2FjAFALWBp6z%2BsRFgJlCL9EK1%2Bcsiq1cETjxTtRU4w%3D%3D&rb=x,224.0
139,Audifono Gamer Astro A50 Wireless + Base Gen 4,https://click1.mercadolibre.com.pe/mclics/clicks/external/MPE/count?a=pp%2BH0BRY0eTfFlGkzNFKGB5IC%2F6Bk05PkcqwOe4AS9QIhvR1XGZjvsbGxIPbNtcxb4ryiPfjNDlAcYcpHXQCRjHR5BpAVBh3dlcVg48ZxNiC7yn%2BbDywm7hq4woyq12cw5niY9hHvzpOsBtht%2F5pzfsaNYKR%2BD2o9VTyMjsyYeVnmygw1qbWy9r762cXW7tfecHP3JhaH50qQHOhC%2BXLaNQuNS%2BQqzkmb7fARQl7UGL%2FGo4ASjM2jft%2B0kJ4tKwkbRq47%2BJkGfjLrqUqudrBbKqRxGtCuyi9x2P5Z0ydd7mU5lgjpotEsK16JDCS%2BlA5wXSOvECbidwaAZDpaaBcTdR3XYxCgWS%2BxbG4P8a8fdi38szBpikrec4a7htqkhrhAnkxYIq4HydlqrvvZFVpcVJ4Oo5T52j9O%2BSv0pC7MO463rbn8%2Fxzxok50ktXZLYbPOdSWhnDuCekgcwAT5wMy7%2FjfRHSbehVjU17IxEBtqrPPNZ%2FOQxl5BbHd8wnCtVO%2F%2FdWM0UbQPMFadLG6AetIuwEjVxm2nqeBdtYgxMhW%2FQ9BYepuUpzBu8LUWun44Xae7swDrcqY8miYKcn%2BG4BvNjyyJ%2FTajqexC6QVCUcyjUfUkbCgatnI75xYyNwmQ%3D%3D&rb=x,1015.0
140,"Audífono Bluetooth In Ear Sony Wi-sp510 Ipx5, Extra Bass",https://articulo.mercadolibre.com.pe/MPE-600850520-audifono-bluetooth-in-ear-sony-wi-sp510-ipx5-extra-bass-_JM#position=32&search_layout=stack&type=item&tracking_id=8a1d9195-c3a1-4b6a-a964-7cf32ba2ee5b,249.0
141,Laptop Gamer Lenovo Legion 7 Ryzen 9 32gb 1tb Ssd Rtx 3080 ,https://articulo.mercadolibre.com.pe/MPE-605978892-laptop-gamer-lenovo-legion-7-ryzen-9-32gb-1tb-ssd-rtx-3080-_JM#position=33&search_layout=stack&type=item&tracking_id=8a1d9195-c3a1-4b6a-a964-7cf32ba2ee5b,11999.0
142,Jbl T110 Audifonos Pure Sound Bass Harman Original ,https://articulo.mercadolibre.com.pe/MPE-434111274-jbl-t110-audifonos-pure-sound-bass-harman-original-_JM#position=34&search_layout=stack&type=item&tracking_id=8a1d9195-c3a1-4b6a-a964-7cf32ba2ee5b,42.0
143,Audifonos Sony Bass Dj Con Microfono Mdr-310ap Original,https://articulo.mercadolibre.com.pe/MPE-435223162-audifonos-sony-bass-dj-con-microfono-mdr-310ap-original-_JM#position=35&search_layout=stack&type=item&tracking_id=8a1d9195-c3a1-4b6a-a964-7cf32ba2ee5b,69.0
144, Auriculares  Inalámbricos G435 Lightspeed - Blanco,https://articulo.mercadolibre.com.pe/MPE-604464408-auriculares-inalambricos-g435-lightspeed-blanco-_JM#position=36&search_layout=stack&type=item&tracking_id=8a1d9195-c3a1-4b6a-a964-7cf32ba2ee5b,315.0
145,Lenovo Audifonos Blueooth 5.0 Tws Ipods True Wireless Xt89,https://articulo.mercadolibre.com.pe/MPE-603716772-lenovo-audifonos-blueooth-50-tws-ipods-true-wireless-xt89-_JM#position=37&search_layout=stack&type=item&tracking_id=8a1d9195-c3a1-4b6a-a964-7cf32ba2ee5b,89.0
146,Audifonos Xiaomi Redmi Airdots 3 Bluetooth 5.2 Qualcomm 3040,https://articulo.mercadolibre.com.pe/MPE-444535780-audifonos-xiaomi-redmi-airdots-3-bluetooth-52-qualcomm-3040-_JM#position=38&search_layout=stack&type=item&tracking_id=8a1d9195-c3a1-4b6a-a964-7cf32ba2ee5b,158.0
147,Sony Audífonos Plegables Mdr-zx310ap,https://articulo.mercadolibre.com.pe/MPE-438540807-sony-audifonos-plegables-mdr-zx310ap-_JM#position=39&search_layout=stack&type=item&tracking_id=8a1d9195-c3a1-4b6a-a964-7cf32ba2ee5b,69.0
148,Audífonos Gamer Redragon Icon H520 7.1 Virtual,https://articulo.mercadolibre.com.pe/MPE-600117244-audifonos-gamer-redragon-icon-h520-71-virtual-_JM#position=40&search_layout=stack&type=item&tracking_id=8a1d9195-c3a1-4b6a-a964-7cf32ba2ee5b,269.0
149,Skullcandy Jib True Wireless Audifonos Bluetooth 5.0 Edition,https://articulo.mercadolibre.com.pe/MPE-443944928-skullcandy-jib-true-wireless-audifonos-bluetooth-50-edition-_JM#position=41&search_layout=stack&type=item&tracking_id=8a1d9195-c3a1-4b6a-a964-7cf32ba2ee5b,159.0
150,Audifonos Earbuds Tws Lenovo Hq08 Gaming Tipo Redmi Airdots,https://articulo.mercadolibre.com.pe/MPE-600416212-audifonos-earbuds-tws-lenovo-hq08-gaming-tipo-redmi-airdots-_JM#position=42&search_layout=stack&type=item&tracking_id=8a1d9195-c3a1-4b6a-a964-7cf32ba2ee5b,129.9
151,Tablet Tb-x306x Lenovo Tab Platinum Grey 4gb+64gb Con Chip,https://articulo.mercadolibre.com.pe/MPE-604504490-tablet-tb-x306x-lenovo-tab-platinum-grey-4gb64gb-con-chip-_JM#position=43&search_layout=stack&type=item&tracking_id=8a1d9195-c3a1-4b6a-a964-7cf32ba2ee5b,850.0
152,Skullcandy Audifonos Crusher Wireless Bass Sound Bluetooth,https://articulo.mercadolibre.com.pe/MPE-434515999-skullcandy-audifonos-crusher-wireless-bass-sound-bluetooth-_JM#position=44&search_layout=stack&type=item&tracking_id=8a1d9195-c3a1-4b6a-a964-7cf32ba2ee5b,409.0
153,Audífonos Razer Kraken Tournament Editon (negro),https://articulo.mercadolibre.com.pe/MPE-434474980-audifonos-razer-kraken-tournament-editon-negro-_JM#position=45&search_layout=stack&type=item&tracking_id=8a1d9195-c3a1-4b6a-a964-7cf32ba2ee5b,297.0
154,Xiaomi Audífonos Mi In-ear Basic Originales Sellados,https://articulo.mercadolibre.com.pe/MPE-440775103-xiaomi-audifonos-mi-in-ear-basic-originales-sellados-_JM#position=46&search_layout=stack&type=item&tracking_id=8a1d9195-c3a1-4b6a-a964-7cf32ba2ee5b,38.0
155,Jbl Headphone Tune 115 True Wireless,https://articulo.mercadolibre.com.pe/MPE-445649036-jbl-headphone-tune-115-true-wireless-_JM#position=47&search_layout=stack&type=item&tracking_id=8a1d9195-c3a1-4b6a-a964-7cf32ba2ee5b,199.0
156,Auricular Logitech G Pro Gaming Headset Black Usb,https://articulo.mercadolibre.com.pe/MPE-444422575-auricular-logitech-g-pro-gaming-headset-black-usb-_JM#position=48&search_layout=stack&type=item&tracking_id=8a1d9195-c3a1-4b6a-a964-7cf32ba2ee5b,365.9
157,Xiaomi Redmi Buds 3 Lite Youth Edition Tws Audifonos Ip54 ,https://articulo.mercadolibre.com.pe/MPE-605933294-xiaomi-redmi-buds-3-lite-youth-edition-tws-audifonos-ip54-_JM#position=49&search_layout=stack&type=item&tracking_id=8a1d9195-c3a1-4b6a-a964-7cf32ba2ee5b,89.53
158,Xiaomi Audifonos Bluetooth Redmi Mi Airdots S Auriculares,https://articulo.mercadolibre.com.pe/MPE-448098079-xiaomi-audifonos-bluetooth-redmi-mi-airdots-s-auriculares-_JM#position=50&search_layout=stack&type=item&tracking_id=8a1d9195-c3a1-4b6a-a964-7cf32ba2ee5b,67.0
159,Almohadilla Para Audifono Sennheiser Hd  4.50btnc  4.40 4.30,https://articulo.mercadolibre.com.pe/MPE-600544543-almohadilla-para-audifono-sennheiser-hd-450btnc-440-430-_JM#position=51&search_layout=stack&type=item&tracking_id=8a1d9195-c3a1-4b6a-a964-7cf32ba2ee5b,46.0
160,Soporte Gancho De Audífonos O Auriculares Para Monitor Hs02,https://articulo.mercadolibre.com.pe/MPE-600551520-soporte-gancho-de-audifonos-o-auriculares-para-monitor-hs02-_JM#position=52&search_layout=stack&type=item&tracking_id=8a1d9195-c3a1-4b6a-a964-7cf32ba2ee5b,12.8
161,Audifonos Haylou W1 Earbuds Aptx Qualcomm 20hrs,https://articulo.mercadolibre.com.pe/MPE-605153961-audifonos-haylou-w1-earbuds-aptx-qualcomm-20hrs-_JM#position=53&search_layout=stack&type=item&tracking_id=8a1d9195-c3a1-4b6a-a964-7cf32ba2ee5b,170.05
162,Almohadillas Para Corsair Virtuoso Rgb Wireless Se,https://articulo.mercadolibre.com.pe/MPE-602831573-almohadillas-para-corsair-virtuoso-rgb-wireless-se-_JM#position=54&search_layout=stack&type=item&tracking_id=8a1d9195-c3a1-4b6a-a964-7cf32ba2ee5b,70.0
163,Macbook Pro 13 2020 M1 8gb Ram 512gb Ssd Stock Disponible!!!,https://articulo.mercadolibre.com.pe/MPE-442387047-macbook-pro-13-2020-m1-8gb-ram-512gb-ssd-stock-disponible-_JM#position=55&search_layout=stack&type=item&tracking_id=8a1d9195-c3a1-4b6a-a964-7cf32ba2ee5b,6999.0
164,Jbl Audifonos Bluetooth Endurance Runbt Deportivos Ipx5,https://articulo.mercadolibre.com.pe/MPE-441346288-jbl-audifonos-bluetooth-endurance-runbt-deportivos-ipx5-_JM#position=56&search_layout=stack&type=item&tracking_id=8a1d9195-c3a1-4b6a-a964-7cf32ba2ee5b,179.0
165,Audio-technica Ath-m30x - Audífonos Profesionales,https://click1.mercadolibre.com.pe/mclics/clicks/external/MPE/count?a=PnftWnFaokV3w3aDfhGprhufbjm%2Bh6VC9N4P%2Fxq2k6EDKr3LMcyvbkUpeg3m5ErVtu9dmZKBPWyBVKI8328f%2BBVbvZXLgkB4x0osVGyTeculEFzLErtpTyMCwDyzM%2BQAfA2s80V308DOie%2BRDAs2Dq5kQ9fy45Xcr1tEhqNqS6MJ2yhwVOJmq%2BisbWREjb7aWUONW8XeJxLDJyY4lDxgRWrVpPWYBrHCU6MIxuICR9kNg%2FE1akROgqSLPxbNXlpP%2BDRA297%2FInH25Tr2KJxLGmcwjmOwAs7npxTU37YhjdB5wNbov2BYR6OQIa0tFLkVhwBBxKZ1PccoI5iZk2byPIRM8DKkhC5mv2FAZlYFR%2FDdsnYiIYNnk9X2TE8%2B7qki6G9Oim4hZEQn3XyPouPHjlRa27XCMawzTNGu0y37FO0JWB7mGVEOh7FwWoze9SCSrSW69mg0CRnM1yaFVr7BViwDqnydPjYJUEPofHlMmOwJDzdq%2FAGQIpS6ygPGiuC%2FEpD87OQIH2KqKJsxC6ZhNuX%2BzpryMFhHXkiD%2Bb0P5adgaLO%2FEmqTFzioZyhBFuPtFjYpN5KzpsmRXIayjWHhAdr7FpiQrjzHZZKOX%2BO1jOX8oZHWegsTTVk5nQCrrNM%3D&rb=x,338.0
166,V Audífono Gamer Kingston Hyperx Cloud Stinger Core Multipla,https://click1.mercadolibre.com.pe/mclics/clicks/external/MPE/count?a=vP7XjSIiyvbZ7K6aInwGFbzCgkCgfKQ%2FIUHYbKPVLq9T5lYlzAs2JAi18y4ivS44kk1FhUC7XKGIB4DbIMrLVi%2BLaY%2Bj8nSeeaIGVPt6E%2FBaV48jc0gW%2F38M5%2B4MxZ%2FwRmeJs%2BJT1hOZLHXS1MmTSyE07UlvrC0oZuXuJU25jeUFTMU7ItJahmWtRP1naH%2FegiefEcmU6ouZ35MKLWuYJbNt9GxWLrWb0xlaM6hEhmD%2Fk4s6zBMZpteZaOjMjS5ajnYbaDrRVV46TJ5IQwhaAXf5I6od%2Bk8FXo4faykMzdRvxZPAzqxaE4BXZebMlxHcVmRJAfTmKFiagP9tlFdxCchhJNUqoUK8FUINFH9DG5k3VF%2F%2FT7RplnLC3xCvMmx8rpUya3coMSSfeICVQixj3MAGdUl7g9gfaVLk%2BFls7VHAQYVO4uIX5SmCcrumfIOIAMUWgHTKyK0UEAOvWYHQWZA7Gogx93gdFaFDByVKLyiX3miufKj3torfVmMGinB7QvaHTZs2ibEpi8R2tNuFFsjlWqB%2BUMcSFKc6soY8JTl4MPVs%2FHmJYLBw3PPKadx%2BuUUdKnYpO0o7IR89RYrZHGMa%2BS07Bwk0iIphkM4W9S%2BL5mmbr52VgtieZ6H1y4V5grtziQt8MYw8z%2FGU&rb=x,167.2
167,Audifonos Tws Honor Airdots 24hrs Original Tipo AirPods Pro,https://articulo.mercadolibre.com.pe/MPE-444132638-audifonos-tws-honor-airdots-24hrs-original-tipo-airpods-pro-_JM?searchVariation=78614301864#searchVariation=78614301864&position=3&search_layout=stack&type=item&tracking_id=d801ac16-577f-4b97-9a86-5cb763c961e9,132.9
168,Audifono C/microf. Razer Kraken Multi-platform Black (2019),https://articulo.mercadolibre.com.pe/MPE-437085485-audifono-cmicrof-razer-kraken-multi-platform-black-2019-_JM#position=4&search_layout=stack&type=item&tracking_id=d801ac16-577f-4b97-9a86-5cb763c961e9,250.0
169,Jbl Audifonos Bluetooth 5.0 Pure Bass Sound Tune 510bt 40hrs,https://articulo.mercadolibre.com.pe/MPE-446539791-jbl-audifonos-bluetooth-50-pure-bass-sound-tune-510bt-40hrs-_JM?searchVariation=88846842457#searchVariation=88846842457&position=5&search_layout=stack&type=item&tracking_id=d801ac16-577f-4b97-9a86-5cb763c961e9,169.0
170,Xiaomi Redmi Buds 3 Lite Audífonos Tws Bluetooth Original,https://articulo.mercadolibre.com.pe/MPE-609033717-xiaomi-redmi-buds-3-lite-audifonos-tws-bluetooth-original-_JM?searchVariation=174284969387#searchVariation=174284969387&position=6&search_layout=stack&type=item&tracking_id=d801ac16-577f-4b97-9a86-5cb763c961e9,98.0
171,Audífono Inalambrico Bluetooth Sennheiser Cx True Wireless,https://articulo.mercadolibre.com.pe/MPE-604912761-audifono-inalambrico-bluetooth-sennheiser-cx-true-wireless-_JM?searchVariation=173927937346#searchVariation=173927937346&position=7&search_layout=stack&type=item&tracking_id=d801ac16-577f-4b97-9a86-5cb763c961e9,499.0
172,Lindos Auriculares De Pinky Para Niñas Bluetooth 5.0 ,https://click1.mercadolibre.com.pe/mclics/clicks/external/MPE/count?a=rb%2FOyyvEShUWdmYKc2dRuQotKLi3icv30O4CEUHSaGxgzY62zFHCFip%2BEHTWFWvbBDhtNPCM6hwQXXhhJLVpUHRpxh51gnG5QbHuOpuUZOnxgiSnUQgdHOQqM1C%2FT58yhQmruo9oZ35MBxIJmFTpf0xweseXiY%2B6dE60MjtD9SdxDFwu%2FaeBPD5Qc3CEh423xsf%2FYCS3Klm84EttZAVC5YC1auU9G5fKIE0BRr3L0mkzRBJHPYAPGELCPLgAHIySiW5H3aOH9N8yeWIklQwiaXLIqlHpAV3oql1eUhzwODkIYPFITpEMxILLYiPxCpFxopizb1OL4o2KuiqLwLJz6BCXtmD0cUG4yuyHpXRBRpaSTWDcy5Ilc8hNwgVRqi4XCrapl7%2FU%2BoLkdxEmXEXfEBx73ZvuA9exy%2F9a4vHQ3G9OLWYqDvOhRumOWU7TgRAbBUiHRfOBEKTAwzUorflAEYW0oI4kYBemJ3IWpx14FcVQgvWMKiZESh2qOrCT5o3ufbAE7qa793EoMMoe804%2BpFITybbmLTxw5lHMjh6hTQx%2BLkv%2FBmGqMasySJwTT9drnByIw%2FV0xtLzQksJXntVW4mORvUIf0TO0z61nVSU50b%2F%2BCgoyREPR8PmwQ65DfaGzVq%2F&rb=x,56.05
173,Audifonos Deportivos Bluetooth 4.2 Inalámbricos Radio Fm Msd,https://click1.mercadolibre.com.pe/mclics/clicks/external/MPE/count?a=QhrlVFfsoqFqRiIV4vUQ25tTj7CiDEutzxos33cQ2BeB4SxDCgD9h1FiwYXog5zqFfk2boY4w158vVvYv7AN6rzISW65ATdYBAbW4otHgvpf2WkX%2BE39cwT2rCPgg%2BvO9DAHFLAZfNJFlsFhfvE%2FVS7dhYin3rDfINYz1aFdu5fyThGwbN30q6Q0l9uatrYX%2Bm%2FBgKBJ8h%2BdcRFqwhj9KlG4UlrFEHPvxq%2F9Ffp%2FOaDVhkPQmahu0aoUJUImExmYZrmPUPm%2BQzkwIs1nZnoDtLG9cKkVFCTmREQURLexrI%2Fc1JV%2BoaP98asaLCMo%2BkZnWMVqf1m3B%2Fl1a%2BeUw3QQF4uAk5wAL9%2BrsNJfJ%2B2cVr12%2FZ05Od7bih4WuzBpKlLPEJlUym1HOU4UPGImq%2FQd1yyYnYD7rd25tpug4toQXkuR52zPAA3u3BR6AMT6yWecSevKgFx46A8CD4Z%2ByW%2BZaHLi1r2jG%2F%2FsitE9tUxAYFTEcDgQJC26NV%2BjihxX8ZyVG9bwWbTb0pRcjwC%2F59EMLZRVz6QkPGlhGVnxuQKcH0fy%2BF4Exb24a8h4rR3K77QQh0znpYPjUYonrb315sJZJFHDGx5vgeLHUIyc7RGPbc%2B7t0Y9csg%2FvOPrVARzHWU71%2F1X4d9m8U86nCxQqLt1NLP7AKOZy3E5zm%2BX11pTDM8QChaN%2B%2Fxwr0CqoA%3D%3D&rb=x,45.9
174,Audífono Gamer Vsg Shake 7.1 Virtual Y Vibración Multimedia,https://articulo.mercadolibre.com.pe/MPE-600351756-audifono-gamer-vsg-shake-71-virtual-y-vibracion-multimedia-_JM?searchVariation=173748273952#searchVariation=173748273952&position=10&search_layout=stack&type=item&tracking_id=d801ac16-577f-4b97-9a86-5cb763c961e9,145.35
175,Almohadillas Para Audifono Bose,https://articulo.mercadolibre.com.pe/MPE-432354341-almohadillas-para-audifono-bose-_JM?searchVariation=174133249885#searchVariation=174133249885&position=11&search_layout=stack&type=item&tracking_id=d801ac16-577f-4b97-9a86-5cb763c961e9,49.0
176,Audífonos Samsung Akg Usb C @ S20 Fe Fan Edition Original ,https://articulo.mercadolibre.com.pe/MPE-442358752-audifonos-samsung-akg-usb-c-s20-fe-fan-edition-original-_JM?searchVariation=70684237062#searchVariation=70684237062&position=12&search_layout=stack&type=item&tracking_id=d801ac16-577f-4b97-9a86-5cb763c961e9,139.0
177,Audifono Gaming Logitech G435 Lightspeed Wireless Negro,https://articulo.mercadolibre.com.pe/MPE-605310089-audifono-gaming-logitech-g435-lightspeed-wireless-negro-_JM#position=13&search_layout=stack&type=item&tracking_id=d801ac16-577f-4b97-9a86-5cb763c961e9,335.0
178,"Audífono Bluetooth Over Ear Noise Cancelling Wh-1000xm4, Con",https://articulo.mercadolibre.com.pe/MPE-444855353-audifono-bluetooth-over-ear-noise-cancelling-wh-1000xm4-con-_JM#position=14&search_layout=stack&type=item&tracking_id=d801ac16-577f-4b97-9a86-5cb763c961e9,1499.0
179,Laptop Lenovo 14w Black - A6 4 Gb 128 Gb ,https://articulo.mercadolibre.com.pe/MPE-447558486-laptop-lenovo-14w-black-a6-4-gb-128-gb-_JM?searchVariation=92254171635#searchVariation=92254171635&position=15&search_layout=stack&type=item&tracking_id=d801ac16-577f-4b97-9a86-5cb763c961e9,1449.0
180,Audifonos Gamer Tronsmart Glary Alpha Pc Ps4 Mac Universal,https://articulo.mercadolibre.com.pe/MPE-440878420-audifonos-gamer-tronsmart-glary-alpha-pc-ps4-mac-universal-_JM?searchVariation=61848811883#searchVariation=61848811883&position=16&search_layout=stack&type=item&tracking_id=d801ac16-577f-4b97-9a86-5cb763c961e9,129.0
181,Airpod Pro I9000 Tws Audifono Inalambrico Bluetooth Wireless,https://articulo.mercadolibre.com.pe/MPE-441037135-airpod-pro-i9000-tws-audifono-inalambrico-bluetooth-wireless-_JM?searchVariation=62960087520#searchVariation=62960087520&position=17&search_layout=stack&type=item&tracking_id=d801ac16-577f-4b97-9a86-5cb763c961e9,39.9
182,Audifono Gamer Astro A50 Wireless + Base Gen 4,https://articulo.mercadolibre.com.pe/MPE-439943553-audifono-gamer-astro-a50-wireless-base-gen-4-_JM?searchVariation=88547032867#searchVariation=88547032867&position=18&search_layout=stack&type=item&tracking_id=d801ac16-577f-4b97-9a86-5cb763c961e9,1015.0
183,Audífonos Inalámbricos Xbox Series,https://articulo.mercadolibre.com.pe/MPE-600295535-audifonos-inalambricos-xbox-series-_JM?searchVariation=173572358745#searchVariation=173572358745&position=19&search_layout=stack&type=item&tracking_id=d801ac16-577f-4b97-9a86-5cb763c961e9,649.9
184,Xiaomi Audífonos Mi In-ear Basic,https://articulo.mercadolibre.com.pe/MPE-437009549-xiaomi-audifonos-mi-in-ear-basic-_JM?searchVariation=51355806808#searchVariation=51355806808&position=20&search_layout=stack&type=item&tracking_id=d801ac16-577f-4b97-9a86-5cb763c961e9,29.0
185,Jbl Tune 710bt Auriculares Inalámbricos,https://articulo.mercadolibre.com.pe/MPE-605374800-jbl-tune-710bt-auriculares-inalambricos-_JM?searchVariation=173972821983#searchVariation=173972821983&position=21&search_layout=stack&type=item&tracking_id=d801ac16-577f-4b97-9a86-5cb763c961e9,229.0
186,Audifono Gamer Logitech G733 Wireless Luz Rgb - Negro,https://articulo.mercadolibre.com.pe/MPE-603737152-audifono-gamer-logitech-g733-wireless-luz-rgb-negro-_JM?searchVariation=173862884186#searchVariation=173862884186&position=22&search_layout=stack&type=item&tracking_id=d801ac16-577f-4b97-9a86-5cb763c961e9,646.0
187,Sony Audífonos Interno Ligeros Mdr-ex15lp,https://articulo.mercadolibre.com.pe/MPE-438540836-sony-audifonos-interno-ligeros-mdr-ex15lp-_JM?searchVariation=45120346302#searchVariation=45120346302&position=23&search_layout=stack&type=item&tracking_id=d801ac16-577f-4b97-9a86-5cb763c961e9,29.0
188,Audífonos Tws F9 R15 Versión Mejorada 2021 Bt V5.1 + Envío,https://articulo.mercadolibre.com.pe/MPE-447324470-audifonos-tws-f9-r15-version-mejorada-2021-bt-v51-envio-_JM?searchVariation=174179337426#searchVariation=174179337426&position=24&search_layout=stack&type=item&tracking_id=d801ac16-577f-4b97-9a86-5cb763c961e9,95.0
189,Notebook Lenovo Legion Y545 Intel Core I7 16gb 1tb Hdd+256gb,https://articulo.mercadolibre.com.pe/MPE-610047535-notebook-lenovo-legion-y545-intel-core-i7-16gb-1tb-hdd256gb-_JM?searchVariation=174340983353#searchVariation=174340983353&position=25&search_layout=stack&type=item&tracking_id=d801ac16-577f-4b97-9a86-5cb763c961e9,4699.0
190,Audifonos F9 Bluetooth 5.1 Ipx7 Control Tactil Power Bank,https://articulo.mercadolibre.com.pe/MPE-605029530-audifonos-f9-bluetooth-51-ipx7-control-tactil-power-bank-_JM?searchVariation=173937538407#searchVariation=173937538407&position=26&search_layout=stack&type=item&tracking_id=d801ac16-577f-4b97-9a86-5cb763c961e9,36.9
191,Xiaomi Audífonos Mi In-ear Basic Originales Sellado,https://articulo.mercadolibre.com.pe/MPE-609741639-xiaomi-audifonos-mi-in-ear-basic-originales-sellado-_JM?searchVariation=174329259036#searchVariation=174329259036&position=27&search_layout=stack&type=item&tracking_id=d801ac16-577f-4b97-9a86-5cb763c961e9,34.7
192,Audífono C/mic. Razer Kraken Kitty Bluetooth Chroma Quartz,https://articulo.mercadolibre.com.pe/MPE-442074750-audifono-cmic-razer-kraken-kitty-bluetooth-chroma-quartz-_JM?searchVariation=174363565619#searchVariation=174363565619&position=28&search_layout=stack&type=item&tracking_id=d801ac16-577f-4b97-9a86-5cb763c961e9,429.0
193,Huawei Audífonos Inalámbricos Freelace - Verde,https://articulo.mercadolibre.com.pe/MPE-438793945-huawei-audifonos-inalambricos-freelace-verde-_JM?searchVariation=46885752415#searchVariation=46885752415&position=29&search_layout=stack&type=item&tracking_id=d801ac16-577f-4b97-9a86-5cb763c961e9,229.0
194,Xiaomi Redmi Buds 3 Pro Airdots Audifonos Bluetooth Original,https://click1.mercadolibre.com.pe/mclics/clicks/external/MPE/count?a=WU7%2FtqcAMHUy78Wht%2BIljbgWqWKl8XOPlqyiSyW%2FJS%2BzHyzqRwlGLL7nRa6k2ktXt37%2FXJtxn%2FVSYvX3gb8ojH8pegY8A2AQgBLb5lqErT1Oj%2BMxlBpPOBZICoYlUJbWY8VeL1PshfM6w%2BSQ06tMfMV%2BM%2FPA9aRdCHCuXtmWG4iwDbSBE5AjqpjtKuyLG%2FGLqo775s5cd%2FWZa69KhZS0EGbqkg4TERC1uB4FyfdoWkrm%2BWlcg9Ahcff8yRyjg5dUuw%2FoKD%2FfOAZiYQKqFOn52MIGfpjM0s7YF%2B2INZMv%2Bo2dMWYi3VhjFk80w1Fc6Bk3GpVDA76DcZNw3ycgF7ckJuI0kx9XpIPZfSNPpojUEB%2FwzU97xPM7VSdYkoYBc%2Fgbho8iP7U8qFJ5StPq2U559S0jnBZn6jsAcehFLTKqfJ2%2FTNvXrYeBrtsEfaC5EkDXBvtK2%2Bf9lFexWqsV69X70EJybfkdq5gBqqJQBKAQurQk%2FcAGiS0SD5Asp3G%2FQeNEwObiZl8FG8vK93WLk58z%2B6KHTODxCgyzJAnjdpuX6ZZIZAF8JBbR3MHcag080kyDsCcZ1zu7qC%2FFXFy5uuC6nOt%2FngR6huQBm1EQADjQV%2FSEGjFsaunNPZod9VwB1IdN6zkzQTRzb2zac6U12MA%3D&rb=x,259.0
195,Xiaomi Redmi Buds 3 Lite Audifonos Bluetooth Original,https://click1.mercadolibre.com.pe/mclics/clicks/external/MPE/count?a=1zDnCapp49Um6MZH12pXyz8SQBs4ddqoL2n99V9UaFfY3qfYFiYtA75QVtHGmB1vlSwQD7IgW82rsc%2BFnbSpKUv81CvxeXg3BtOAvK78zh00Zg7WP%2FLgHeThA5LqjiX3tHy%2Fx%2BnRzV3gy4Vue1syyDgQBtKCK6dBvexZtVXf6Vlq%2FgIvjzyjwMQQ6QDwcJyRMImm243KPqoOc7QUL1WjPuKNAOhumsnKwVhH8E8vf3MaI%2BxFFztGrG69M2bpGrwFqW1bl4z1FnfPMRkrSJ5d4l76jF8FBTUQ51ZTYPdF%2F7EC0YdYix0AbgFLIIRkcHezsf9TCW1%2B43oy4SoVkeJVHqHgBrDhobg%2FUObwiqJnro28D%2FDiTta8qOPrDjRR9SZgZG5ElN%2FfWy2DdKKIYzgT4wpFQBdmCHWgHGaK1rx5Ta6nUDiWbOADwJjkKPkMo3XUlj2NgRI3cMBFoGWYRwekyQSPD6CJSdNfJfZ5%2Fy9C6oxAN5cIJtlINir9kX921RlbXQomiSNmRKPgPRVrk2sbAA%2BDW91EH5OfOgsJB6KtGq4LS2jlIw9Wyb61NUeC%2BfL663Hntfw%2FhV6zc8tbOF3WgaqncaKLw1lwf4Q3DQ3fd8Bxt9Ny44UKCIc0YgTGZGLeyT0d%2FP%2Bc&rb=x,99.0
196,Auricular On Ear Call Center Rj9 Telefono Ip Grandstream,https://articulo.mercadolibre.com.pe/MPE-441129658-auricular-on-ear-call-center-rj9-telefono-ip-grandstream-_JM?searchVariation=63741454061#searchVariation=63741454061&position=32&search_layout=stack&type=item&tracking_id=d801ac16-577f-4b97-9a86-5cb763c961e9,79.0
197,Audífonos Táctil Bluetooth 5.0 Tws F9-5 | Resistente Al Agua,https://articulo.mercadolibre.com.pe/MPE-442320585-audifonos-tactil-bluetooth-50-tws-f9-5-resistente-al-agua-_JM?searchVariation=174340558384#searchVariation=174340558384&position=33&search_layout=stack&type=item&tracking_id=d801ac16-577f-4b97-9a86-5cb763c961e9,109.0
198,Audífonos Gamer Hyperx Cloud Alpha Negro,https://articulo.mercadolibre.com.pe/MPE-440373475-audifonos-gamer-hyperx-cloud-alpha-negro-_JM#position=34&search_layout=stack&type=item&tracking_id=d801ac16-577f-4b97-9a86-5cb763c961e9,354.0
199,Almohadillas Para Skullcandy Crusher 3.0 Wireless,https://articulo.mercadolibre.com.pe/MPE-436221150-almohadillas-para-skullcandy-crusher-30-wireless-_JM?searchVariation=174080041542#searchVariation=174080041542&position=35&search_layout=stack&type=item&tracking_id=d801ac16-577f-4b97-9a86-5cb763c961e9,47.0
200,Apple AirPods 3 2021 Audifonos Inalambricos,https://articulo.mercadolibre.com.pe/MPE-602970952-apple-airpods-3-2021-audifonos-inalambricos-_JM?searchVariation=173817424902#searchVariation=173817424902&position=36&search_layout=stack&type=item&tracking_id=d801ac16-577f-4b97-9a86-5cb763c961e9,889.0
201,Almohadilla Para Audifono Beats Studio 2.0 Y Studio 3.0,https://articulo.mercadolibre.com.pe/MPE-432787324-almohadilla-para-audifono-beats-studio-20-y-studio-30-_JM#position=37&search_layout=stack&type=item&tracking_id=d801ac16-577f-4b97-9a86-5cb763c961e9,45.0
202,Audifono C/microf. Logitech G335 Black 981-000977,https://articulo.mercadolibre.com.pe/MPE-447861083-audifono-cmicrof-logitech-g335-black-981-000977-_JM?searchVariation=173547261174#searchVariation=173547261174&position=38&search_layout=stack&type=item&tracking_id=d801ac16-577f-4b97-9a86-5cb763c961e9,219.9
203,Acer Swift X 14  Fhd Ryzen 7 5800u Rtx 3050ti 16gb 512gb Ssd,https://articulo.mercadolibre.com.pe/MPE-601254375-acer-swift-x-14-fhd-ryzen-7-5800u-rtx-3050ti-16gb-512gb-ssd-_JM?searchVariation=173673691436#searchVariation=173673691436&position=39&search_layout=stack&type=item&tracking_id=d801ac16-577f-4b97-9a86-5cb763c961e9,4949.0
204,"Almohadillas Para Sennheiser Hd45, Hd4.5 Btnc",https://articulo.mercadolibre.com.pe/MPE-436609417-almohadillas-para-sennheiser-hd45-hd45-btnc-_JM?searchVariation=76765907728#searchVariation=76765907728&position=40&search_layout=stack&type=item&tracking_id=d801ac16-577f-4b97-9a86-5cb763c961e9,45.0
205,Audífonos Bluetooth Tws F9 5 + Tienda + Envío + Garantia,https://articulo.mercadolibre.com.pe/MPE-442320586-audifonos-bluetooth-tws-f9-5-tienda-envio-garantia-_JM?searchVariation=173868094526#searchVariation=173868094526&position=41&search_layout=stack&type=item&tracking_id=d801ac16-577f-4b97-9a86-5cb763c961e9,85.0
206,Almohadillas Para Sony Wh Xb700,https://articulo.mercadolibre.com.pe/MPE-442981197-almohadillas-para-sony-wh-xb700-_JM?searchVariation=73988187482#searchVariation=73988187482&position=42&search_layout=stack&type=item&tracking_id=d801ac16-577f-4b97-9a86-5cb763c961e9,43.0
207,Auriculares Gamer Redragon Zeus H510 ,https://articulo.mercadolibre.com.pe/MPE-446722886-auriculares-gamer-redragon-zeus-h510-_JM?searchVariation=89888756684#searchVariation=89888756684&position=43&search_layout=stack&type=item&tracking_id=d801ac16-577f-4b97-9a86-5cb763c961e9,219.9
208,Audífonos Haylou Gt1 Plus True Wireless Earbuds - Xiaomi,https://articulo.mercadolibre.com.pe/MPE-442886344-audifonos-haylou-gt1-plus-true-wireless-earbuds-xiaomi-_JM?searchVariation=73595513372#searchVariation=73595513372&position=44&search_layout=stack&type=item&tracking_id=d801ac16-577f-4b97-9a86-5cb763c961e9,89.1
209,Motorola Audifonos Bluetooth Noice Canceling Escape 500 Ipx4,https://articulo.mercadolibre.com.pe/MPE-441881282-motorola-audifonos-bluetooth-noice-canceling-escape-500-ipx4-_JM?searchVariation=67574037871#searchVariation=67574037871&position=45&search_layout=stack&type=item&tracking_id=d801ac16-577f-4b97-9a86-5cb763c961e9,199.0
210,Audifono Gamer C/microf Logitech G733 Lightspeed White,https://articulo.mercadolibre.com.pe/MPE-601644600-audifono-gamer-cmicrof-logitech-g733-lightspeed-white-_JM#position=46&search_layout=stack&type=item&tracking_id=d801ac16-577f-4b97-9a86-5cb763c961e9,579.0
211,Audífonos Kz Zst Pro Version 2020 Zstx Mejorado,https://articulo.mercadolibre.com.pe/MPE-440725269-audifonos-kz-zst-pro-version-2020-zstx-mejorado-_JM?searchVariation=61152888944#searchVariation=61152888944&position=47&search_layout=stack&type=item&tracking_id=d801ac16-577f-4b97-9a86-5cb763c961e9,99.9
212,Audifonos Deportivos Bluetooth 4.2 Inalámbricos Radio Fm Msd,https://articulo.mercadolibre.com.pe/MPE-418651916-audifonos-deportivos-bluetooth-42-inalambricos-radio-fm-msd-_JM?searchVariation=87834276922#searchVariation=87834276922&position=48&search_layout=stack&type=item&tracking_id=d801ac16-577f-4b97-9a86-5cb763c961e9,45.9
213,Sony Audífonos Internos Inalámbricos Wi-c310,https://articulo.mercadolibre.com.pe/MPE-438540845-sony-audifonos-internos-inalambricos-wi-c310-_JM?searchVariation=45120309817#searchVariation=45120309817&position=49&search_layout=stack&type=item&tracking_id=d801ac16-577f-4b97-9a86-5cb763c961e9,139.0
214,Auriculares Logitech Pro X Wireless Lightspeed Gaming,https://articulo.mercadolibre.com.pe/MPE-447428818-auriculares-logitech-pro-x-wireless-lightspeed-gaming-_JM?searchVariation=91876849340#searchVariation=91876849340&position=50&search_layout=stack&type=item&tracking_id=d801ac16-577f-4b97-9a86-5cb763c961e9,729.8
215,Motorola Audifonos Bluetooth Pulse Escape Super Combo Pack,https://articulo.mercadolibre.com.pe/MPE-436988877-motorola-audifonos-bluetooth-pulse-escape-super-combo-pack-_JM?searchVariation=174204623243#searchVariation=174204623243&position=51&search_layout=stack&type=item&tracking_id=d801ac16-577f-4b97-9a86-5cb763c961e9,164.0
216,Auriculares Hyperx Cloud Stinger Core Wireless (hhss1c-kb-wt,https://articulo.mercadolibre.com.pe/MPE-443998019-auriculares-hyperx-cloud-stinger-core-wireless-hhss1c-kb-wt-_JM?searchVariation=78070949757#searchVariation=78070949757&position=52&search_layout=stack&type=item&tracking_id=d801ac16-577f-4b97-9a86-5cb763c961e9,289.0
217,Tablet Lenovo Yoga Smart Tab 10.1 4gb 64gb Yt-x705f Gris,https://articulo.mercadolibre.com.pe/MPE-604178348-tablet-lenovo-yoga-smart-tab-101-4gb-64gb-yt-x705f-gris-_JM?searchVariation=173882960412#searchVariation=173882960412&position=53&search_layout=stack&type=item&tracking_id=d801ac16-577f-4b97-9a86-5cb763c961e9,799.0
218,"Audifono Profesional De Dj, Behringer, Acolchado Hpx2000",https://articulo.mercadolibre.com.pe/MPE-443839186-audifono-profesional-de-dj-behringer-acolchado-hpx2000-_JM?searchVariation=77352593520#searchVariation=77352593520&position=54&search_layout=stack&type=item&tracking_id=d801ac16-577f-4b97-9a86-5cb763c961e9,109.0
219,Auriculares Logitech Pro X Blue Voice 7.1 ,https://articulo.mercadolibre.com.pe/MPE-447337095-auriculares-logitech-pro-x-blue-voice-71-_JM?searchVariation=91553207367#searchVariation=91553207367&position=55&search_layout=stack&type=item&tracking_id=d801ac16-577f-4b97-9a86-5cb763c961e9,489.9
220,Audífonos Bluetooth Tws F9 Clásico V5.1 2021 Actualizado,https://articulo.mercadolibre.com.pe/MPE-447513034-audifonos-bluetooth-tws-f9-clasico-v51-2021-actualizado-_JM?searchVariation=92097598361#searchVariation=92097598361&position=56&search_layout=stack&type=item&tracking_id=d801ac16-577f-4b97-9a86-5cb763c961e9,85.0
